Date,SWE min [mm],SWE max [mm],SWE mean [mm]
2000-01-16,-1.0,2.0,0.708
2000-01-17,0.0,1.0,0.875
2000-01-18,0.0,1.0,0.875
2000-01-19,0.0,2.0,1.042
2000-01-20,0.0,2.0,0.833
2000-01-21,0.0,1.0,0.875
2000-01-22,0.0,2.0,0.917
2000-01-23,0.0,1.0,0.917
2000-01-24,0.0,1.0,0.75
2000-01-25,0.0,1.0,0.875
2000-01-26,0.0,1.0,0.708
2000-01-27,0.0,1.0,0.667
2000-01-28,0.0,1.0,0.25
2000-01-29,-1.0,1.0,0.5
2000-01-30,0.0,1.0,0.542
2000-01-31,-2.0,1.0,0.083
2000-02-01,-1.0,1.0,0.333
2000-02-02,-1.0,2.0,0.381
2000-02-03,0.0,2.0,0.375
2000-02-04,-2.0,1.0,0.042
2000-02-05,-1.0,1.0,0.375
2000-02-06,0.0,1.0,0.25
2000-02-07,0.0,1.0,0.375
2000-02-08,-1.0,2.0,0.167
2000-02-09,-1.0,2.0,0.292
2000-02-10,-1.0,1.0,0.125
2000-02-11,-2.0,1.0,0.292
2000-02-12,0.0,1.0,0.417
2000-02-13,-1.0,1.0,-0.042
2000-02-14,-1.0,1.0,-0.042
2000-02-15,-1.0,0.0,-0.167
2000-02-16,-1.0,0.0,-0.125
2000-02-17,-1.0,1.0,0.0
2000-02-18,-1.0,0.0,-0.25
2000-02-19,-1.0,1.0,-0.125
2000-02-20,-1.0,0.0,-0.25
2000-02-21,-1.0,1.0,0.042
2000-02-22,-1.0,1.0,0.0
2000-02-23,-1.0,1.0,-0.042
2000-02-24,-1.0,1.0,0.0
2000-02-25,-1.0,1.0,-0.167
2000-02-26,-1.0,1.0,0.048
2000-02-27,-1.0,4.0,1.167
2000-02-28,-1.0,1.0,0.042
2000-02-29,0.0,1.0,0.067
2000-03-01,-1.0,0.0,-0.267
2000-03-02,0.0,1.0,0.042
2000-03-03,-1.0,0.0,-0.083
2000-03-04,-1.0,0.0,-0.125
2000-03-05,-1.0,0.0,-0.25
2000-03-06,-1.0,0.0,-0.208
2000-03-07,-1.0,0.0,-0.208
2000-03-08,-1.0,0.0,-0.25
2000-03-09,-1.0,0.0,-0.208
2000-03-10,-1.0,0.0,-0.292
2000-03-11,-1.0,1.0,-0.208
2000-03-12,-1.0,0.0,-0.25
2000-03-13,-1.0,1.0,-0.125
2000-03-14,-1.0,2.0,-0.042
2000-03-15,-1.0,0.0,-0.292
2000-03-16,-2.0,0.0,-0.125
2000-03-17,-1.0,0.0,-0.083
2000-03-18,-1.0,1.0,0.0
2000-03-19,-2.0,0.0,-0.458
2000-03-20,-1.0,0.0,-0.125
2000-03-21,-1.0,0.0,-0.042
2000-03-22,-1.0,0.0,-0.083
2000-03-23,-1.0,0.0,-0.167
2000-03-24,-1.0,0.0,-0.167
2000-03-25,-1.0,0.0,-0.208
2000-03-26,-1.0,0.0,-0.417
2000-03-27,0.0,0.0,0.0
2000-03-28,-1.0,0.0,-0.25
2000-03-29,-1.0,0.0,-0.208
2000-03-30,-1.0,0.0,-0.048
2000-03-31,-2.0,0.0,-0.5
2000-04-01,-2.0,0.0,-0.75
2000-04-02,-2.0,0.0,-0.458
2000-04-03,-1.0,0.0,-0.5
2000-04-04,-1.0,0.0,-0.5
2000-04-05,-1.0,0.0,-0.208
2000-04-06,-1.0,0.0,-0.25
2000-04-07,-3.0,0.0,-0.542
2000-04-08,-2.0,0.0,-0.5
2000-04-09,-1.0,0.0,-0.25
2000-04-10,-1.0,1.0,-0.125
2000-04-11,-1.0,0.0,-0.208
2000-04-12,-1.0,0.0,-0.125
2000-04-13,-1.0,1.0,0.083
2000-04-14,-1.0,0.0,-0.125
2000-04-15,-1.0,1.0,-0.333
2000-04-16,-1.0,0.0,-0.667
2000-04-17,-1.0,0.0,-0.458
2000-04-18,-1.0,0.0,-0.417
2000-04-19,-1.0,0.0,-0.208
2000-04-20,-1.0,0.0,-0.208
2000-04-21,-1.0,0.0,-0.333
2000-04-22,-1.0,0.0,-0.292
2000-04-23,-1.0,0.0,-0.375
2000-04-24,-1.0,0.0,-0.208
2000-04-25,-1.0,0.0,-0.125
2000-04-26,-1.0,0.0,-0.125
2000-04-27,-1.0,0.0,-0.208
2000-04-28,-1.0,0.0,-0.208
2000-04-29,-1.0,0.0,-0.25
2000-04-30,-1.0,1.0,-0.125
2000-05-01,-1.0,2.0,0.042
2000-05-02,-1.0,1.0,-0.042
2000-05-03,-3.0,0.0,-1.0
2000-05-04,-1.0,1.0,-0.381
2000-05-05,-1.0,1.0,-0.125
2000-05-06,-1.0,0.0,-0.208
2000-05-07,-2.0,0.0,-0.333
2000-05-08,-1.0,0.0,-0.125
2000-05-09,-1.0,0.0,-0.25
2000-05-10,-1.0,0.0,-0.25
2000-05-11,-1.0,1.0,-0.042
2000-05-12,-1.0,0.0,-0.125
2000-05-13,-1.0,0.0,-0.042
2000-05-14,-1.0,0.0,-0.292
2000-05-15,-1.0,0.0,-0.042
2000-05-16,-1.0,0.0,-0.417
2000-05-17,-2.0,0.0,-0.417
2000-05-18,0.0,0.0,0.0
2000-05-19,0.0,0.0,0.0
2000-05-20,0.0,0.0,0.0
2000-05-21,-1.0,0.0,-0.083
2000-05-22,0.0,0.0,0.0
2000-05-23,-1.0,0.0,-0.083
2000-05-24,0.0,12.0,4.292
2000-05-25,10.0,60.0,34.875
2000-05-26,50.0,53.0,51.667
2000-05-27,48.0,51.0,48.917
2000-05-28,46.0,48.0,46.889
2000-05-29,73.0,76.0,74.667
2000-05-30,72.0,76.0,73.429
2000-05-31,70.0,73.0,71.238
2000-06-01,64.0,73.0,68.833
2000-06-02,48.0,68.0,61.25
2000-06-03,24.0,48.0,34.333
2000-06-04,15.0,22.0,18.222
2000-06-05,46.0,49.0,47.944
2000-06-06,46.0,48.0,46.714
2000-06-07,44.0,47.0,45.25
2000-06-08,42.0,45.0,44.375
2000-06-09,42.0,62.0,48.292
2000-06-10,63.0,66.0,64.833
2000-06-11,62.0,64.0,63.286
2000-06-12,67.0,132.0,98.267
2000-06-13,132.0,241.0,172.619
2000-06-14,239.0,278.0,260.857
2000-06-15,274.0,285.0,276.857
2000-06-16,268.0,276.0,273.25
2000-06-17,244.0,266.0,255.667
2000-06-18,229.0,243.0,236.333
2000-06-19,217.0,229.0,222.042
2000-06-20,224.0,246.0,229.792
2000-06-21,146.0,300.0,281.75
2000-06-22,279.0,305.0,290.4
2000-06-23,349.0,364.0,360.611
2000-06-24,364.0,412.0,385.708
2000-06-25,404.0,417.0,411.542
2000-06-26,390.0,407.0,395.958
2000-06-27,216.0,461.0,425.917
2000-06-28,454.0,476.0,463.444
2000-06-29,355.0,545.0,471.5
2000-06-30,315.0,572.0,535.625
2000-07-01,528.0,574.0,548.375
2000-07-02,491.0,537.0,510.458
2000-07-03,488.0,514.0,499.708
2000-07-04,464.0,495.0,480.5
2000-07-05,457.0,488.0,470.333
2000-07-06,491.0,518.0,497.056
2000-07-07,505.0,558.0,528.733
2000-07-08,500.0,516.0,508.0
2000-07-09,490.0,503.0,498.333
2000-07-10,468.0,494.0,480.375
2000-07-11,424.0,464.0,449.75
2000-07-12,413.0,447.0,432.25
2000-07-13,403.0,447.0,424.958
2000-07-14,390.0,449.0,423.417
2000-07-15,405.0,447.0,432.167
2000-07-16,386.0,442.0,402.458
2000-07-17,407.0,435.0,423.667
2000-07-18,378.0,422.0,397.375
2000-07-19,374.0,413.0,395.333
2000-07-20,347.0,489.0,426.417
2000-07-21,453.0,497.0,475.708
2000-07-22,427.0,463.0,445.792
2000-07-23,412.0,444.0,429.083
2000-07-24,419.0,439.0,426.083
2000-07-25,396.0,424.0,410.667
2000-07-26,416.0,427.0,421.917
2000-07-27,356.0,423.0,386.708
2000-07-28,378.0,416.0,407.208
2000-07-29,365.0,396.0,378.042
2000-07-30,375.0,389.0,382.958
2000-07-31,372.0,381.0,376.625
2000-08-01,362.0,390.0,374.917
2000-08-02,354.0,390.0,372.917
2000-08-03,376.0,393.0,385.083
2000-08-04,300.0,385.0,329.708
2000-08-05,363.0,388.0,379.333
2000-08-06,,,
2000-08-07,488.0,521.0,511.111
2000-08-08,416.0,497.0,448.833
2000-08-09,360.0,424.0,388.417
2000-08-10,370.0,412.0,389.625
2000-08-11,354.0,398.0,372.5
2000-08-12,375.0,406.0,393.417
2000-08-13,,,
2000-08-14,323.0,377.0,340.5
2000-08-15,341.0,374.0,354.25
2000-08-16,361.0,408.0,376.708
2000-08-17,378.0,427.0,409.792
2000-08-18,432.0,515.0,483.208
2000-08-19,435.0,518.0,467.042
2000-08-20,402.0,457.0,440.875
2000-08-21,401.0,527.0,493.667
2000-08-22,444.0,511.0,470.5
2000-08-23,439.0,487.0,465.583
2000-08-24,414.0,442.0,425.208
2000-08-25,410.0,453.0,434.625
2000-08-26,393.0,451.0,425.125
2000-08-27,401.0,440.0,427.917
2000-08-28,369.0,400.0,388.0
2000-08-29,366.0,392.0,380.583
2000-08-30,369.0,394.0,381.083
2000-08-31,386.0,409.0,400.048
2000-09-01,359.0,386.0,372.833
2000-09-02,351.0,377.0,362.833
2000-09-03,358.0,388.0,376.667
2000-09-04,295.0,366.0,350.375
2000-09-05,294.0,451.0,377.75
2000-09-06,430.0,477.0,452.167
2000-09-07,371.0,429.0,393.042
2000-09-08,373.0,413.0,397.611
2000-09-09,426.0,435.0,431.333
2000-09-10,424.0,449.0,437.429
2000-09-11,406.0,443.0,424.75
2000-09-12,422.0,449.0,431.667
2000-09-13,382.0,436.0,409.125
2000-09-14,409.0,442.0,425.208
2000-09-15,411.0,427.0,419.917
2000-09-16,413.0,509.0,428.792
2000-09-17,439.0,452.0,445.5
2000-09-18,432.0,450.0,441.708
2000-09-19,432.0,461.0,448.458
2000-09-20,453.0,467.0,457.417
2000-09-21,439.0,451.0,444.208
2000-09-22,428.0,452.0,439.167
2000-09-23,413.0,446.0,427.542
2000-09-24,411.0,436.0,422.833
2000-09-25,413.0,442.0,423.0
2000-09-26,402.0,435.0,421.6
2000-09-27,433.0,482.0,464.0
2000-09-28,504.0,527.0,513.5
2000-09-29,541.0,579.0,568.556
2000-09-30,,,
2000-10-01,,,
2000-10-02,467.0,564.0,512.083
2000-10-03,518.0,584.0,558.5
2000-10-04,521.0,571.0,541.0
2000-10-05,519.0,586.0,561.5
2000-10-06,456.0,519.0,480.417
2000-10-07,487.0,520.0,506.5
2000-10-08,458.0,518.0,494.958
2000-10-09,441.0,461.0,452.375
2000-10-10,448.0,481.0,465.0
2000-10-11,466.0,502.0,481.333
2000-10-12,434.0,482.0,456.708
2000-10-13,438.0,491.0,451.792
2000-10-14,462.0,511.0,487.542
2000-10-15,465.0,496.0,478.458
2000-10-16,423.0,479.0,441.5
2000-10-17,438.0,530.0,493.042
2000-10-18,484.0,529.0,503.125
2000-10-19,473.0,510.0,489.375
2000-10-20,456.0,488.0,473.958
2000-10-21,442.0,484.0,459.75
2000-10-22,404.0,487.0,445.333
2000-10-23,424.0,457.0,442.727
2000-10-24,445.0,458.0,448.647
2000-10-25,419.0,435.0,426.167
2000-10-26,405.0,436.0,420.292
2000-10-27,393.0,430.0,409.417
2000-10-28,384.0,407.0,392.381
2000-10-29,361.0,399.0,375.143
2000-10-30,333.0,362.0,345.75
2000-10-31,320.0,343.0,330.792
2000-11-01,306.0,322.0,313.583
2000-11-02,287.0,307.0,300.389
2000-11-03,276.0,289.0,283.5
2000-11-04,,,
2000-11-05,,,
2000-11-06,245.0,257.0,249.5
2000-11-07,238.0,245.0,242.048
2000-11-08,226.0,238.0,234.056
2000-11-09,211.0,226.0,217.143
2000-11-10,207.0,212.0,210.0
2000-11-11,207.0,208.0,207.625
2000-11-12,204.0,208.0,206.333
2000-11-13,202.0,207.0,204.292
2000-11-14,197.0,206.0,202.0
2000-11-15,182.0,199.0,192.833
2000-11-16,158.0,182.0,173.875
2000-11-17,105.0,157.0,140.5
2000-11-18,23.0,104.0,73.25
2000-11-19,-17.0,21.0,9.125
2000-11-20,-25.0,-18.0,-20.667
2000-11-21,-26.0,-23.0,-24.792
2000-11-22,-26.0,-21.0,-24.208
2000-11-23,-26.0,-22.0,-24.238
2000-11-24,-26.0,-22.0,-24.667
2000-11-25,-26.0,-22.0,-24.458
2000-11-26,-27.0,-23.0,-25.417
2000-11-27,-27.0,-23.0,-25.625
2000-11-28,-27.0,-25.0,-26.333
2000-11-29,-29.0,-24.0,-26.167
2000-11-30,-28.0,-25.0,-26.667
2000-12-01,-31.0,-25.0,-27.625
2000-12-02,-30.0,-26.0,-28.333
2000-12-03,-30.0,-27.0,-28.5
2000-12-04,-31.0,-28.0,-29.167
2000-12-05,-31.0,-28.0,-29.208
2000-12-06,-30.0,-29.0,-29.083
2000-12-07,-30.0,-28.0,-28.875
2000-12-08,-29.0,-27.0,-27.933
2000-12-09,-29.0,-27.0,-28.261
2000-12-10,-29.0,-25.0,-27.333
2000-12-11,-28.0,-25.0,-26.583
2000-12-12,-28.0,-25.0,-26.792
2000-12-13,-28.0,-25.0,-27.056
2000-12-14,-28.0,-27.0,-27.476
2000-12-15,-28.0,-27.0,-27.333
2000-12-16,,,
2000-12-17,,,
2000-12-18,,,
2000-12-19,,,
2000-12-20,,,
2000-12-21,,,
2000-12-22,,,
2000-12-23,,,
2000-12-24,,,
2000-12-25,,,
2000-12-26,,,
2000-12-27,,,
2000-12-28,,,
2000-12-29,,,
2000-12-30,,,
2000-12-31,,,
2001-01-01,,,
2001-01-02,,,
2001-01-03,,,
2001-01-04,,,
2001-01-05,,,
2001-01-06,,,
2001-01-07,,,
2001-01-08,,,
2001-01-09,,,
2001-01-10,,,
2001-01-11,,,
2001-01-12,,,
2001-01-13,,,
2001-01-14,,,
2001-01-15,,,
2001-01-16,,,
2001-01-17,,,
2001-01-18,,,
2001-01-19,,,
2001-01-20,,,
2001-01-21,,,
2001-01-22,,,
2001-01-23,,,
2001-01-24,,,
2001-01-25,,,
2001-01-26,,,
2001-01-27,,,
2001-01-28,,,
2001-01-29,,,
2001-01-30,,,
2001-01-31,,,
2001-02-01,,,
2001-02-02,,,
2001-02-03,,,
2001-02-04,,,
2001-02-05,,,
2001-02-06,-83.0,-83.0,-83.0
2001-02-07,-83.0,348.0,132.5
2001-02-08,-1.0,1.0,0.125
2001-02-09,-5.0,6.0,-1.167
2001-02-10,-5.0,3.0,-1.875
2001-02-11,-6.0,-4.0,-4.833
2001-02-12,-6.0,1.0,-1.889
2001-02-13,-5.0,0.0,-2.875
2001-02-14,-5.0,1.0,-2.667
2001-02-15,-5.0,2.0,-2.625
2001-02-16,-5.0,4.0,-0.958
2001-02-17,-4.0,8.0,0.75
2001-02-18,-4.0,6.0,0.083
2001-02-19,-5.0,9.0,0.542
2001-02-20,-3.0,6.0,0.75
2001-02-21,-4.0,4.0,-0.5
2001-02-22,-4.0,2.0,-1.458
2001-02-23,-4.0,5.0,-0.292
2001-02-24,-4.0,2.0,-0.917
2001-02-25,-5.0,1.0,-2.583
2001-02-26,-4.0,0.0,-2.5
2001-02-27,-100.0,655.2,17.11
2001-02-28,0.75,655.3,355.885
2001-03-01,0.87,655.1,382.526
2001-03-02,1.66,655.2,409.472
2001-03-03,0.29,654.1,408.382
2001-03-04,0.47,655.3,488.783
2001-03-05,0.19,655.1,569.816
2001-03-06,0.08,655.2,542.258
2001-03-07,0.49,655.3,623.766
2001-03-08,0.07,654.9,623.245
2001-03-09,647.0,654.0,649.717
2001-03-10,645.9,653.1,648.887
2001-03-11,646.3,654.2,649.475
2001-03-12,65.0,652.4,624.263
2001-03-13,645.1,653.7,648.654
2001-03-14,0.0,654.4,556.652
2001-03-15,0.0,5.0,1.917
2001-03-16,-1.0,4.0,1.333
2001-03-17,-1.0,4.0,1.292
2001-03-18,-1.0,4.0,0.917
2001-03-19,-1.0,3.0,0.667
2001-03-20,-1.0,3.0,0.583
2001-03-21,-1.0,2.0,0.042
2001-03-22,-2.0,1.0,-0.542
2001-03-23,-2.0,0.0,-0.917
2001-03-24,-2.0,1.0,-0.708
2001-03-25,-2.0,2.0,-0.042
2001-03-26,-2.0,3.0,0.083
2001-03-27,-2.0,3.0,0.292
2001-03-28,-1.0,3.0,0.458
2001-03-29,-1.0,3.0,0.75
2001-03-30,-1.0,3.0,0.833
2001-03-31,-1.0,2.0,0.292
2001-04-01,-2.0,3.0,0.542
2001-04-02,-1.0,4.0,1.083
2001-04-03,-1.0,2.0,0.583
2001-04-04,-1.0,5.0,1.278
2001-04-05,-1.0,3.0,0.833
2001-04-06,-1.0,3.0,0.708
2001-04-07,-1.0,3.0,0.792
2001-04-08,-1.0,4.0,0.833
2001-04-09,-1.0,3.0,0.5
2001-04-10,-1.0,2.0,0.333
2001-04-11,-1.0,3.0,0.417
2001-04-12,-1.0,3.0,0.583
2001-04-13,-1.0,1.0,0.292
2001-04-14,-1.0,3.0,0.458
2001-04-15,-1.0,2.0,0.0
2001-04-16,-1.0,3.0,0.25
2001-04-17,-1.0,3.0,0.458
2001-04-18,-1.0,2.0,-0.083
2001-04-19,-2.0,1.0,-0.778
2001-04-20,-2.0,2.0,0.056
2001-04-21,-2.0,2.0,-0.143
2001-04-22,-2.0,0.0,-0.889
2001-04-23,61.0,64.0,62.778
2001-04-24,55.0,58.0,56.6
2001-04-25,52.0,55.0,53.5
2001-04-26,42.0,45.0,43.4
2001-04-27,35.0,47.0,39.833
2001-04-28,39.0,47.0,41.267
2001-04-29,,,
2001-04-30,30.0,38.0,34.111
2001-05-01,32.0,35.0,33.778
2001-05-02,21.0,34.0,27.333
2001-05-03,0.0,21.0,15.0
2001-05-04,0.0,2.0,1.0
2001-05-05,,,
2001-05-06,,,
2001-05-07,0.0,2.0,0.733
2001-05-08,0.0,1.0,0.4
2001-05-09,0.0,2.0,0.579
2001-05-10,0.0,1.0,0.188
2001-05-11,0.0,2.0,0.667
2001-05-12,0.0,5.0,1.722
2001-05-13,0.0,4.0,1.667
2001-05-14,0.0,2.0,0.444
2001-05-15,2.0,18.0,10.833
2001-05-16,14.0,18.0,16.708
2001-05-17,17.0,107.0,59.167
2001-05-18,107.0,124.0,120.75
2001-05-19,120.0,124.0,122.417
2001-05-20,116.0,121.0,118.19
2001-05-21,113.0,231.0,133.958
2001-05-22,182.0,207.0,190.375
2001-05-23,180.0,183.0,181.542
2001-05-24,174.0,180.0,177.125
2001-05-25,168.0,174.0,171.375
2001-05-26,173.0,234.0,211.667
2001-05-27,,,
2001-05-28,,,
2001-05-29,,,
2001-05-30,,,
2001-05-31,,,
2001-06-01,,,
2001-06-02,,,
2001-06-03,,,
2001-06-04,,,
2001-06-05,,,
2001-06-06,0.0,0.0,0.0
2001-06-07,,,
2001-06-08,,,
2001-06-09,,,
2001-06-10,,,
2001-06-11,,,
2001-06-12,,,
2001-06-13,,,
2001-06-14,,,
2001-06-15,,,
2001-06-16,,,
2001-06-17,,,
2001-06-18,,,
2001-06-19,,,
2001-06-20,,,
2001-06-21,,,
2001-06-22,,,
2001-06-23,,,
2001-06-24,,,
2001-06-25,,,
2001-06-26,,,
2001-06-27,,,
2001-06-28,,,
2001-06-29,,,
2001-06-30,,,
2001-07-01,,,
2001-07-02,,,
2001-07-03,,,
2001-07-04,,,
2001-07-05,,,
2001-07-06,,,
2001-07-07,,,
2001-07-08,,,
2001-07-09,,,
2001-07-10,,,
2001-07-11,,,
2001-07-12,,,
2001-07-13,,,
2001-07-14,,,
2001-07-15,,,
2001-07-16,0.0,0.0,0.0
2001-07-17,,,
2001-07-18,,,
2001-07-19,,,
2001-07-20,,,
2001-07-21,,,
2001-07-22,,,
2001-07-23,,,
2001-07-24,,,
2001-07-25,,,
2001-07-26,,,
2001-07-27,,,
2001-07-28,,,
2001-07-29,,,
2001-07-30,,,
2001-07-31,,,
2001-08-01,,,
2001-08-02,,,
2001-08-03,,,
2001-08-04,,,
2001-08-05,,,
2001-08-06,,,
2001-08-07,,,
2001-08-08,,,
2001-08-09,,,
2001-08-10,,,
2001-08-11,,,
2001-08-12,,,
2001-08-13,,,
2001-08-14,,,
2001-08-15,,,
2001-08-16,,,
2001-08-17,,,
2001-08-18,,,
2001-08-19,,,
2001-08-20,,,
2001-08-21,,,
2001-08-22,,,
2001-08-23,,,
2001-08-24,0.0,0.0,0.0
2001-08-25,,,
2001-08-26,,,
2001-08-27,,,
2001-08-28,,,
2001-08-29,,,
2001-08-30,,,
2001-08-31,,,
2001-09-01,,,
2001-09-02,,,
2001-09-03,,,
2001-09-04,,,
2001-09-05,,,
2001-09-06,,,
2001-09-07,,,
2001-09-08,,,
2001-09-09,,,
2001-09-10,,,
2001-09-11,,,
2001-09-12,,,
2001-09-13,,,
2001-09-14,,,
2001-09-15,,,
2001-09-16,,,
2001-09-17,,,
2001-09-18,,,
2001-09-19,,,
2001-09-20,,,
2001-09-21,,,
2001-09-22,,,
2001-09-23,,,
2001-09-24,,,
2001-09-25,,,
2001-09-26,,,
2001-09-27,,,
2001-09-28,,,
2001-09-29,,,
2001-09-30,,,
2001-10-01,,,
2001-10-02,,,
2001-10-03,,,
2001-10-04,,,
2001-10-05,,,
2001-10-06,,,
2001-10-07,,,
2001-10-08,,,
2001-10-09,,,
2001-10-10,,,
2001-10-11,,,
2001-10-12,,,
2001-10-13,,,
2001-10-14,,,
2001-10-15,,,
2001-10-16,,,
2001-10-17,,,
2001-10-18,,,
2001-10-19,,,
2001-10-20,,,
2001-10-21,,,
2001-10-22,,,
2001-10-23,,,
2001-10-24,,,
2001-10-25,,,
2001-10-26,,,
2001-10-27,,,
2001-10-28,,,
2001-10-29,,,
2001-10-30,,,
2001-10-31,,,
2001-11-01,,,
2001-11-02,,,
2001-11-03,,,
2001-11-04,,,
2001-11-05,0.0,0.0,0.0
2001-11-06,,,
2001-11-07,,,
2001-11-08,,,
2001-11-09,,,
2001-11-10,,,
2001-11-11,,,
2001-11-12,,,
2001-11-13,,,
2001-11-14,,,
2001-11-15,,,
2001-11-16,,,
2001-11-17,,,
2001-11-18,,,
2001-11-19,,,
2001-11-20,,,
2001-11-21,,,
2001-11-22,,,
2001-11-23,,,
2001-11-24,,,
2001-11-25,,,
2001-11-26,,,
2001-11-27,,,
2001-11-28,,,
2001-11-29,,,
2001-11-30,,,
2001-12-01,,,
2001-12-02,,,
2001-12-03,,,
2001-12-04,,,
2001-12-05,,,
2001-12-06,,,
2001-12-07,,,
2001-12-08,,,
2001-12-09,,,
2001-12-10,,,
2001-12-11,,,
2001-12-12,,,
2001-12-13,,,
2001-12-14,,,
2001-12-15,,,
2001-12-16,,,
2001-12-17,,,
2001-12-18,,,
2001-12-19,,,
2001-12-20,,,
2001-12-21,,,
2001-12-22,,,
2001-12-23,,,
2001-12-24,,,
2001-12-25,,,
2001-12-26,,,
2001-12-27,,,
2001-12-28,,,
2001-12-29,,,
2001-12-30,,,
2001-12-31,,,
2002-01-01,,,
2002-01-02,,,
2002-01-03,,,
2002-01-04,,,
2002-01-05,,,
2002-01-06,,,
2002-01-07,,,
2002-01-08,,,
2002-01-09,,,
2002-01-10,,,
2002-01-11,,,
2002-01-12,,,
2002-01-13,,,
2002-01-14,,,
2002-01-15,,,
2002-01-16,,,
2002-01-17,,,
2002-01-18,,,
2002-01-19,,,
2002-01-20,,,
2002-01-21,,,
2002-01-22,,,
2002-01-23,,,
2002-01-24,,,
2002-01-25,,,
2002-01-26,,,
2002-01-27,,,
2002-01-28,,,
2002-01-29,,,
2002-01-30,,,
2002-01-31,-4.0,0.0,-0.889
2002-02-01,-5.0,12.0,1.583
2002-02-02,-3.0,13.0,3.208
2002-02-03,-3.0,12.0,3.042
2002-02-04,-4.0,11.0,2.167
2002-02-05,-4.0,11.0,2.208
2002-02-06,-3.0,11.0,2.292
2002-02-07,-4.0,10.0,1.5
2002-02-08,-5.0,9.0,0.5
2002-02-09,-5.0,8.0,-0.208
2002-02-10,-5.0,7.0,-0.583
2002-02-11,-6.0,8.0,-0.25
2002-02-12,-6.0,9.0,-0.083
2002-02-13,-5.0,8.0,0.095
2002-02-14,-6.0,7.0,-0.667
2002-02-15,-5.0,8.0,0.042
2002-02-16,-5.0,9.0,-0.042
2002-02-17,-5.0,7.0,-0.583
2002-02-18,-6.0,6.0,-1.708
2002-02-19,-6.0,5.0,-1.833
2002-02-20,-6.0,6.0,-1.625
2002-02-21,-6.0,8.0,-1.083
2002-02-22,-6.0,7.0,-1.833
2002-02-23,-6.0,7.0,-1.5
2002-02-24,-7.0,6.0,-1.875
2002-02-25,-7.0,3.0,-3.458
2002-02-26,-6.0,-1.0,-4.5
2002-02-27,-7.0,-4.0,-5.417
2002-02-28,-8.0,0.0,-4.958
2002-03-01,-9.0,1.0,-5.333
2002-03-02,-9.0,0.0,-5.417
2002-03-03,-9.0,1.0,-5.042
2002-03-04,-8.0,2.0,-4.292
2002-03-05,-8.0,3.0,-4.125
2002-03-06,-8.0,2.0,-4.292
2002-03-07,-8.0,1.0,-4.375
2002-03-08,-8.0,1.0,-4.958
2002-03-09,-9.0,2.0,-4.5
2002-03-10,-9.0,2.0,-5.167
2002-03-11,-9.0,3.0,-4.375
2002-03-12,-9.0,3.0,-4.25
2002-03-13,-8.0,0.0,-6.167
2002-03-14,-9.0,0.0,-5.667
2002-03-15,-17.0,-3.0,-4.75
2002-03-16,-9.0,-2.0,-4.542
2002-03-17,-10.0,-5.0,-8.25
2002-03-18,-9.0,-1.0,-6.5
2002-03-19,-10.0,-1.0,-6.25
2002-03-20,-10.0,3.0,-5.125
2002-03-21,-9.0,2.0,-4.708
2002-03-22,-9.0,1.0,-5.292
2002-03-23,-10.0,0.0,-5.917
2002-03-24,-10.0,0.0,-6.25
2002-03-25,-11.0,-1.0,-7.042
2002-03-26,-10.0,-3.0,-7.167
2002-03-27,-10.0,5.0,-5.542
2002-03-28,-10.0,-1.0,-5.833
2002-03-29,-9.0,8.0,-4.208
2002-03-30,-11.0,-1.0,-7.042
2002-03-31,-10.0,0.0,-6.0
2002-04-01,-10.0,1.0,-5.5
2002-04-02,-11.0,1.0,-5.792
2002-04-03,-10.0,1.0,-5.375
2002-04-04,-10.0,1.0,-5.417
2002-04-05,-10.0,1.0,-5.25
2002-04-06,-9.0,5.0,-2.708
2002-04-07,-12.0,-2.0,-7.333
2002-04-08,-11.0,-1.0,-7.0
2002-04-09,-10.0,-4.0,-7.625
2002-04-10,-10.0,35.0,-1.167
2002-04-11,-9.0,9.0,-5.0
2002-04-12,-10.0,4.0,-6.417
2002-04-13,-11.0,-4.0,-8.333
2002-04-14,-11.0,-2.0,-6.958
2002-04-15,-9.0,0.0,-5.708
2002-04-16,-8.0,-3.0,-6.417
2002-04-17,-10.0,-1.0,-6.417
2002-04-18,-10.0,-3.0,-7.25
2002-04-19,-10.0,-3.0,-7.458
2002-04-20,-11.0,-2.0,-7.125
2002-04-21,-10.0,-2.0,-6.708
2002-04-22,-10.0,-4.0,-7.458
2002-04-23,-10.0,-2.0,-7.167
2002-04-24,-8.0,26.0,5.083
2002-04-25,-12.0,2.0,-3.417
2002-04-26,-11.0,0.0,-6.208
2002-04-27,-11.0,-2.0,-7.333
2002-04-28,-10.0,10.0,-6.458
2002-04-29,-8.0,12.0,-1.375
2002-04-30,-10.0,-4.0,-7.458
2002-05-01,-10.0,-4.0,-7.792
2002-05-02,-10.0,-3.0,-7.042
2002-05-03,-10.0,-3.0,-7.083
2002-05-04,-9.0,-2.0,-6.25
2002-05-05,-9.0,-1.0,-5.75
2002-05-06,-8.0,1.0,-4.5
2002-05-07,-7.0,1.0,-3.583
2002-05-08,-6.0,10.0,-0.25
2002-05-09,-12.0,7.0,-1.708
2002-05-10,-9.0,4.0,-2.458
2002-05-11,-10.0,3.0,-2.833
2002-05-12,-8.0,4.0,-2.458
2002-05-13,-4.0,24.0,3.875
2002-05-14,-3.0,17.0,4.429
2002-05-15,-6.0,26.0,11.833
2002-05-16,5.0,37.0,17.917
2002-05-17,13.0,17.0,14.875
2002-05-18,12.0,16.0,12.792
2002-05-19,11.0,20.0,15.208
2002-05-20,13.0,16.0,14.667
2002-05-21,11.0,15.0,13.417
2002-05-22,11.0,16.0,13.083
2002-05-23,1.0,12.0,8.208
2002-05-24,-10.0,13.0,-0.542
2002-05-25,-9.0,1.0,-2.833
2002-05-26,102.0,144.0,120.333
2002-05-27,146.0,224.0,194.542
2002-05-28,219.0,224.0,221.417
2002-05-29,217.0,220.0,218.375
2002-05-30,213.0,218.0,215.667
2002-05-31,193.0,293.0,235.708
2002-06-01,292.0,326.0,312.0
2002-06-02,313.0,367.0,336.958
2002-06-03,366.0,383.0,375.25
2002-06-04,416.0,454.0,436.25
2002-06-05,485.0,530.0,514.125
2002-06-06,527.0,568.0,540.625
2002-06-07,570.0,588.0,580.167
2002-06-08,572.0,579.0,576.083
2002-06-09,564.0,577.0,570.375
2002-06-10,566.0,568.0,567.125
2002-06-11,565.0,567.0,565.792
2002-06-12,564.0,566.0,564.917
2002-06-13,563.0,566.0,563.933
2002-06-14,561.0,563.0,562.083
2002-06-15,558.0,561.0,559.625
2002-06-16,548.0,558.0,552.875
2002-06-17,542.0,549.0,545.875
2002-06-18,541.0,547.0,544.792
2002-06-19,545.0,547.0,546.125
2002-06-20,546.0,549.0,547.417
2002-06-21,541.0,546.0,544.5
2002-06-22,540.0,544.0,541.708
2002-06-23,536.0,541.0,538.917
2002-06-24,534.0,537.0,535.875
2002-06-25,533.0,544.0,536.458
2002-06-26,530.0,543.0,532.417
2002-06-27,528.0,589.0,559.667
2002-06-28,591.0,600.0,595.417
2002-06-29,593.0,598.0,595.5
2002-06-30,594.0,618.0,603.0
2002-07-01,626.0,632.0,629.708
2002-07-02,630.0,634.0,631.792
2002-07-03,629.0,634.0,631.083
2002-07-04,628.0,631.0,629.625
2002-07-05,626.0,630.0,628.125
2002-07-06,626.0,629.0,627.167
2002-07-07,624.0,627.0,624.917
2002-07-08,622.0,625.0,623.5
2002-07-09,621.0,626.0,623.25
2002-07-10,622.0,625.0,623.917
2002-07-11,621.0,624.0,622.958
2002-07-12,618.0,622.0,619.792
2002-07-13,614.0,619.0,617.458
2002-07-14,601.0,615.0,607.25
2002-07-15,561.0,602.0,580.5
2002-07-16,497.0,556.0,524.292
2002-07-17,436.0,500.0,472.875
2002-07-18,395.0,435.0,407.625
2002-07-19,389.0,425.0,405.583
2002-07-20,410.0,413.0,411.333
2002-07-21,491.0,504.0,497.2
2002-07-22,501.0,574.0,528.333
2002-07-23,577.0,641.0,607.429
2002-07-24,601.0,642.0,614.875
2002-07-25,579.0,608.0,594.292
2002-07-26,579.0,616.0,600.0
2002-07-27,579.0,607.0,588.125
2002-07-28,580.0,608.0,591.0
2002-07-29,580.0,608.0,594.042
2002-07-30,589.0,599.0,596.625
2002-07-31,588.0,615.0,600.125
2002-08-01,605.0,620.0,613.417
2002-08-02,608.0,633.0,618.5
2002-08-03,601.0,621.0,612.417
2002-08-04,614.0,635.0,624.125
2002-08-05,612.0,675.0,637.583
2002-08-06,675.0,706.0,690.375
2002-08-07,659.0,704.0,679.0
2002-08-08,605.0,660.0,630.952
2002-08-09,595.0,612.0,607.083
2002-08-10,600.0,612.0,605.667
2002-08-11,600.0,622.0,611.167
2002-08-12,583.0,602.0,593.333
2002-08-13,591.0,606.0,598.292
2002-08-14,585.0,603.0,594.292
2002-08-15,578.0,617.0,595.25
2002-08-16,561.0,615.0,590.25
2002-08-17,510.0,677.0,578.333
2002-08-18,571.0,768.0,698.167
2002-08-19,675.0,759.0,701.208
2002-08-20,658.0,673.0,665.042
2002-08-21,656.0,673.0,666.5
2002-08-22,633.0,720.0,673.958
2002-08-23,624.0,877.0,670.278
2002-08-24,684.0,844.0,755.857
2002-08-25,675.0,900.0,755.267
2002-08-26,647.0,713.0,678.458
2002-08-27,687.0,795.0,733.292
2002-08-28,608.0,778.0,683.75
2002-08-29,573.0,638.0,606.75
2002-08-30,533.0,587.0,557.708
2002-08-31,485.0,588.0,538.208
2002-09-01,481.0,562.0,522.042
2002-09-02,569.0,617.0,585.208
2002-09-03,571.0,737.0,617.25
2002-09-04,660.0,780.0,725.958
2002-09-05,540.0,646.0,577.792
2002-09-06,526.0,569.0,542.958
2002-09-07,483.0,531.0,506.417
2002-09-08,474.0,521.0,495.083
2002-09-09,477.0,505.0,485.762
2002-09-10,472.0,537.0,505.458
2002-09-11,465.0,508.0,478.333
2002-09-12,462.0,493.0,476.583
2002-09-13,415.0,461.0,439.0
2002-09-14,434.0,436.0,435.333
2002-09-15,,,
2002-09-16,400.0,483.0,451.389
2002-09-17,447.0,494.0,480.792
2002-09-18,427.0,441.0,433.042
2002-09-19,353.0,425.0,396.208
2002-09-20,346.0,420.0,378.542
2002-09-21,417.0,437.0,428.917
2002-09-22,374.0,413.0,386.167
2002-09-23,399.0,425.0,414.833
2002-09-24,370.0,400.0,378.833
2002-09-25,352.0,542.0,423.833
2002-09-26,455.0,562.0,508.667
2002-09-27,460.0,531.0,509.042
2002-09-28,508.0,530.0,518.542
2002-09-29,474.0,553.0,525.625
2002-09-30,454.0,535.0,501.042
2002-10-01,473.0,612.0,550.095
2002-10-02,459.0,583.0,523.524
2002-10-03,432.0,566.0,506.25
2002-10-04,445.0,530.0,469.833
2002-10-05,423.0,457.0,441.833
2002-10-06,431.0,629.0,502.667
2002-10-07,400.0,432.0,412.958
2002-10-08,410.0,484.0,438.958
2002-10-09,405.0,501.0,449.375
2002-10-10,386.0,463.0,424.542
2002-10-11,374.0,460.0,423.708
2002-10-12,449.0,501.0,480.0
2002-10-13,368.0,475.0,411.25
2002-10-14,356.0,434.0,381.261
2002-10-15,367.0,426.0,390.625
2002-10-16,365.0,422.0,391.375
2002-10-17,382.0,436.0,401.042
2002-10-18,354.0,433.0,395.208
2002-10-19,336.0,369.0,346.792
2002-10-20,329.0,350.0,340.167
2002-10-21,319.0,335.0,327.25
2002-10-22,329.0,351.0,338.458
2002-10-23,357.0,453.0,408.417
2002-10-24,383.0,450.0,411.0
2002-10-25,354.0,395.0,372.75
2002-10-26,339.0,372.0,356.333
2002-10-27,330.0,356.0,341.476
2002-10-28,351.0,390.0,370.75
2002-10-29,353.0,390.0,373.458
2002-10-30,317.0,374.0,343.75
2002-10-31,313.0,336.0,324.833
2002-11-01,319.0,338.0,327.5
2002-11-02,294.0,336.0,315.958
2002-11-03,263.0,292.0,273.917
2002-11-04,262.0,291.0,274.833
2002-11-05,292.0,317.0,304.143
2002-11-06,311.0,390.0,346.625
2002-11-07,344.0,386.0,360.708
2002-11-08,294.0,341.0,313.917
2002-11-09,279.0,313.0,291.625
2002-11-10,264.0,287.0,275.5
2002-11-11,265.0,282.0,273.333
2002-11-12,268.0,291.0,281.583
2002-11-13,280.0,298.0,289.292
2002-11-14,289.0,297.0,292.458
2002-11-15,250.0,291.0,265.625
2002-11-16,241.0,269.0,255.625
2002-11-17,235.0,250.0,241.208
2002-11-18,229.0,248.0,237.917
2002-11-19,222.0,305.0,235.75
2002-11-20,232.0,245.0,237.708
2002-11-21,199.0,239.0,214.292
2002-11-22,185.0,213.0,203.375
2002-11-23,132.0,207.0,178.542
2002-11-24,106.0,198.0,157.708
2002-11-25,62.0,164.0,119.25
2002-11-26,54.0,98.0,78.833
2002-11-27,-6.0,118.0,58.5
2002-11-28,21.0,119.0,66.333
2002-11-29,17.0,116.0,67.583
2002-11-30,16.0,103.0,65.0
2002-12-01,23.0,129.0,76.5
2002-12-02,18.0,133.0,82.792
2002-12-03,42.0,109.0,74.333
2002-12-04,51.0,163.0,106.944
2002-12-05,59.0,158.0,113.875
2002-12-06,52.0,173.0,113.5
2002-12-07,41.0,192.0,122.0
2002-12-08,65.0,186.0,127.625
2002-12-09,47.0,200.0,131.875
2002-12-10,50.0,215.0,139.167
2002-12-11,58.0,229.0,153.375
2002-12-12,78.0,244.0,169.042
2002-12-13,76.0,223.0,131.5
2002-12-14,7.0,137.0,81.5
2002-12-15,39.0,119.0,73.375
2002-12-16,10.0,100.0,63.458
2002-12-17,9.0,109.0,67.417
2002-12-18,11.0,97.0,51.917
2002-12-19,-1.0,56.0,31.375
2002-12-20,-11.0,65.0,30.958
2002-12-21,-3.0,54.0,31.292
2002-12-22,1.0,41.0,20.958
2002-12-23,-18.0,75.0,31.583
2002-12-24,4.0,75.0,39.958
2002-12-25,-1.0,89.0,50.75
2002-12-26,12.0,98.0,58.792
2002-12-27,7.0,93.0,55.917
2002-12-28,12.0,95.0,57.917
2002-12-29,7.0,96.0,56.208
2002-12-30,11.0,105.0,59.25
2002-12-31,10.0,97.0,55.833
2003-01-01,12.0,98.0,57.458
2003-01-02,8.0,98.0,57.833
2003-01-03,8.0,92.0,57.714
2003-01-04,1.0,92.0,50.708
2003-01-05,2.0,95.0,51.167
2003-01-06,3.0,95.0,55.417
2003-01-07,5.0,84.0,45.556
2003-01-08,-5.0,81.0,47.833
2003-01-09,-3.0,82.0,41.458
2003-01-10,-4.0,84.0,42.208
2003-01-11,-1.0,86.0,42.917
2003-01-12,-8.0,74.0,35.0
2003-01-13,-3.0,93.0,39.0
2003-01-14,-6.0,74.0,35.708
2003-01-15,-10.0,62.0,27.792
2003-01-16,-14.0,56.0,20.917
2003-01-17,-19.0,43.0,13.292
2003-01-18,-19.0,32.0,6.909
2003-01-19,-16.0,33.0,-1.455
2003-01-20,-18.0,-2.0,-10.818
2003-01-21,-19.0,-6.0,-14.263
2003-01-22,-19.0,-2.0,-12.474
2003-01-23,-19.0,13.0,-0.533
2003-01-24,-20.0,22.0,-8.214
2003-01-25,,,
2003-01-26,,,
2003-01-27,,,
2003-01-28,,,
2003-01-29,,,
2003-01-30,,,
2003-01-31,,,
2003-02-01,,,
2003-02-02,,,
2003-02-03,,,
2003-02-04,,,
2003-02-05,,,
2003-02-06,,,
2003-02-07,,,
2003-02-08,,,
2003-02-09,,,
2003-02-10,,,
2003-02-11,,,
2003-02-12,,,
2003-02-13,,,
2003-02-14,,,
2003-02-15,,,
2003-02-16,,,
2003-02-17,,,
2003-02-18,,,
2003-02-19,,,
2003-02-20,,,
2003-02-21,,,
2003-02-22,,,
2003-02-23,,,
2003-02-24,,,
2003-02-25,,,
2003-02-26,,,
2003-02-27,,,
2003-02-28,-10.0,1.0,-3.333
2003-03-01,-14.0,3.0,-6.458
2003-03-02,-13.0,4.0,-5.917
2003-03-03,-12.0,4.0,-5.333
2003-03-04,-11.0,5.0,-4.625
2003-03-05,-11.0,1.0,-6.25
2003-03-06,-12.0,2.0,-5.958
2003-03-07,-12.0,5.0,-5.875
2003-03-08,-12.0,3.0,-6.208
2003-03-09,-14.0,1.0,-7.083
2003-03-10,-14.0,0.0,-7.75
2003-03-11,-13.0,1.0,-7.917
2003-03-12,-16.0,0.0,-9.167
2003-03-13,-16.0,-2.0,-10.458
2003-03-14,-15.0,-10.0,-12.792
2003-03-15,-18.0,-6.0,-11.458
2003-03-16,-16.0,-3.0,-10.208
2003-03-17,-16.0,-1.0,-9.208
2003-03-18,-16.0,-2.0,-9.75
2003-03-19,-17.0,-4.0,-10.875
2003-03-20,-18.0,-4.0,-11.125
2003-03-21,-16.0,-1.0,-9.875
2003-03-22,-15.0,-5.0,-10.958
2003-03-23,-16.0,-6.0,-11.625
2003-03-24,-17.0,-4.0,-11.75
2003-03-25,-16.0,-4.0,-11.458
2003-03-26,-19.0,-4.0,-12.524
2003-03-27,-17.0,-4.0,-11.667
2003-03-28,-20.0,-5.0,-12.75
2003-03-29,-19.0,-6.0,-12.792
2003-03-30,-19.0,-6.0,-12.792
2003-03-31,-20.0,-8.0,-13.708
2003-04-01,-19.0,-6.0,-12.458
2003-04-02,-19.0,-6.0,-13.292
2003-04-03,-18.0,-9.0,-13.818
2003-04-04,-20.0,-8.0,-13.792
2003-04-05,-19.0,0.0,-13.292
2003-04-06,-19.0,-9.0,-13.958
2003-04-07,-20.0,-8.0,-14.042
2003-04-08,-18.0,-10.0,-15.087
2003-04-09,-20.0,-7.0,-14.042
2003-04-10,-20.0,-6.0,-13.25
2003-04-11,-17.0,-6.0,-12.833
2003-04-12,-20.0,-6.0,-12.792
2003-04-13,-20.0,-6.0,-12.708
2003-04-14,-20.0,-8.0,-13.583
2003-04-15,-18.0,-9.0,-13.917
2003-04-16,-18.0,-9.0,-14.208
2003-04-17,-19.0,-10.0,-14.739
2003-04-18,-19.0,-10.0,-14.913
2003-04-19,-19.0,-11.0,-15.625
2003-04-20,-17.0,-11.0,-15.0
2003-04-21,-17.0,-12.0,-14.625
2003-04-22,-18.0,-12.0,-15.5
2003-04-23,-17.0,-13.0,-15.208
2003-04-24,-19.0,-12.0,-15.042
2003-04-25,-17.0,-14.0,-15.333
2003-04-26,-18.0,-11.0,-14.625
2003-04-27,-18.0,-10.0,-14.375
2003-04-28,-17.0,-10.0,-13.625
2003-04-29,-18.0,-12.0,-14.625
2003-04-30,-16.0,-10.0,-13.667
2003-05-01,-16.0,-9.0,-12.792
2003-05-02,-16.0,-9.0,-12.542
2003-05-03,-17.0,-9.0,-12.583
2003-05-04,-17.0,-9.0,-12.75
2003-05-05,-16.0,-9.0,-12.542
2003-05-06,-16.0,-9.0,-12.667
2003-05-07,-18.0,-9.0,-13.0
2003-05-08,-16.0,-9.0,-12.708
2003-05-09,-16.0,-10.0,-13.333
2003-05-10,-18.0,-10.0,-13.792
2003-05-11,-16.0,-9.0,-13.0
2003-05-12,-15.0,-9.0,-12.792
2003-05-13,-15.0,-11.0,-13.417
2003-05-14,-17.0,-12.0,-14.208
2003-05-15,-15.0,-11.0,-13.792
2003-05-16,-17.0,-11.0,-13.917
2003-05-17,-15.0,-10.0,-13.083
2003-05-18,-14.0,-8.0,-11.875
2003-05-19,-16.0,-11.0,-13.292
2003-05-20,-15.0,8.0,-7.619
2003-05-21,56.0,77.0,68.667
2003-05-22,73.0,76.0,74.167
2003-05-23,69.0,73.0,70.667
2003-05-24,64.0,70.0,66.792
2003-05-25,60.0,66.0,63.417
2003-05-26,56.0,62.0,59.917
2003-05-27,54.0,60.0,58.333
2003-05-28,53.0,59.0,56.708
2003-05-29,53.0,57.0,55.042
2003-05-30,49.0,55.0,51.708
2003-05-31,44.0,49.0,46.375
2003-06-01,40.0,44.0,42.458
2003-06-02,27.0,39.0,33.667
2003-06-03,24.0,34.0,28.458
2003-06-04,23.0,38.0,26.875
2003-06-05,40.0,77.0,68.042
2003-06-06,70.0,73.0,71.792
2003-06-07,69.0,71.0,69.833
2003-06-08,67.0,70.0,68.625
2003-06-09,57.0,69.0,63.167
2003-06-10,55.0,111.0,87.917
2003-06-11,105.0,110.0,107.167
2003-06-12,111.0,146.0,134.708
2003-06-13,144.0,153.0,147.875
2003-06-14,150.0,230.0,179.542
2003-06-15,223.0,230.0,224.458
2003-06-16,222.0,224.0,223.208
2003-06-17,221.0,223.0,222.083
2003-06-18,218.0,245.0,229.0
2003-06-19,225.0,239.0,231.417
2003-06-20,184.0,225.0,195.625
2003-06-21,146.0,189.0,169.75
2003-06-22,128.0,156.0,134.208
2003-06-23,125.0,129.0,127.208
2003-06-24,123.0,126.0,124.0
2003-06-25,117.0,123.0,120.458
2003-06-26,113.0,124.0,119.292
2003-06-27,113.0,125.0,118.0
2003-06-28,108.0,127.0,114.667
2003-06-29,106.0,120.0,111.458
2003-06-30,107.0,122.0,112.625
2003-07-01,105.0,109.0,106.833
2003-07-02,99.0,109.0,103.5
2003-07-03,96.0,113.0,101.167
2003-07-04,94.0,103.0,96.875
2003-07-05,101.0,108.0,105.542
2003-07-06,105.0,107.0,106.125
2003-07-07,104.0,202.0,155.458
2003-07-08,199.0,211.0,201.042
2003-07-09,198.0,199.0,198.917
2003-07-10,196.0,199.0,197.5
2003-07-11,194.0,197.0,195.875
2003-07-12,192.0,195.0,193.417
2003-07-13,190.0,195.0,191.5
2003-07-14,199.0,230.0,220.625
2003-07-15,229.0,232.0,230.333
2003-07-16,220.0,241.0,224.083
2003-07-17,215.0,222.0,218.667
2003-07-18,213.0,227.0,218.292
2003-07-19,207.0,225.0,218.333
2003-07-20,201.0,211.0,204.833
2003-07-21,183.0,212.0,200.375
2003-07-22,177.0,217.0,197.042
2003-07-23,172.0,220.0,203.167
2003-07-24,175.0,216.0,199.458
2003-07-25,179.0,222.0,205.0
2003-07-26,183.0,218.0,201.292
2003-07-27,182.0,210.0,195.792
2003-07-28,186.0,198.0,193.333
2003-07-29,178.0,197.0,188.667
2003-07-30,181.0,202.0,192.792
2003-07-31,177.0,201.0,190.375
2003-08-01,192.0,208.0,198.958
2003-08-02,195.0,210.0,203.917
2003-08-03,191.0,206.0,200.333
2003-08-04,195.0,215.0,204.5
2003-08-05,216.0,222.0,219.125
2003-08-06,221.0,230.0,225.167
2003-08-07,217.0,228.0,222.667
2003-08-08,217.0,235.0,224.958
2003-08-09,204.0,231.0,217.625
2003-08-10,196.0,216.0,207.542
2003-08-11,210.0,222.0,215.542
2003-08-12,208.0,217.0,211.458
2003-08-13,202.0,211.0,206.0
2003-08-14,196.0,204.0,200.167
2003-08-15,188.0,197.0,192.625
2003-08-16,179.0,188.0,183.375
2003-08-17,168.0,181.0,174.125
2003-08-18,160.0,170.0,165.095
2003-08-19,180.0,184.0,181.889
2003-08-20,176.0,184.0,178.958
2003-08-21,172.0,186.0,179.042
2003-08-22,178.0,199.0,188.25
2003-08-23,179.0,235.0,202.917
2003-08-24,170.0,246.0,208.042
2003-08-25,180.0,220.0,194.458
2003-08-26,161.0,185.0,174.542
2003-08-27,143.0,177.0,157.0
2003-08-28,127.0,172.0,145.0
2003-08-29,99.0,136.0,119.25
2003-08-30,81.0,102.0,94.333
2003-08-31,49.0,82.0,70.208
2003-09-01,,,
2003-09-02,,,
2003-09-03,,,
2003-09-04,,,
2003-09-05,,,
2003-09-06,,,
2003-09-07,,,
2003-09-08,,,
2003-09-09,,,
2003-09-10,,,
2003-09-11,,,
2003-09-12,,,
2003-09-13,,,
2003-09-14,,,
2003-09-15,,,
2003-09-16,,,
2003-09-17,,,
2003-09-18,,,
2003-09-19,,,
2003-09-20,,,
2003-09-21,,,
2003-09-22,,,
2003-09-23,,,
2003-09-24,,,
2003-09-25,,,
2003-09-26,,,
2003-09-27,,,
2003-09-28,,,
2003-09-29,,,
2003-09-30,,,
2003-10-01,,,
2003-10-02,,,
2003-10-03,,,
2003-10-04,,,
2003-10-05,,,
2003-10-06,,,
2003-10-07,,,
2003-10-08,,,
2003-10-09,,,
2003-10-10,,,
2003-10-11,,,
2003-10-12,,,
2003-10-13,,,
2003-10-14,,,
2003-10-15,,,
2003-10-16,,,
2003-10-17,,,
2003-10-18,,,
2003-10-19,,,
2003-10-20,,,
2003-10-21,,,
2003-10-22,,,
2003-10-23,,,
2003-10-24,,,
2003-10-25,,,
2003-10-26,,,
2003-10-27,,,
2003-10-28,,,
2003-10-29,,,
2003-10-30,,,
2003-10-31,,,
2003-11-01,,,
2003-11-02,,,
2003-11-03,,,
2003-11-04,,,
2003-11-05,,,
2003-11-06,,,
2003-11-07,,,
2003-11-08,,,
2003-11-09,,,
2003-11-10,,,
2003-11-11,,,
2003-11-12,,,
2003-11-13,,,
2003-11-14,,,
2003-11-15,,,
2003-11-16,,,
2003-11-17,,,
2003-11-18,,,
2003-11-19,,,
2003-11-20,,,
2003-11-21,,,
2003-11-22,,,
2003-11-23,,,
2003-11-24,,,
2003-11-25,,,
2003-11-26,,,
2003-11-27,,,
2003-11-28,,,
2003-11-29,,,
2003-11-30,,,
2003-12-01,,,
2003-12-02,,,
2003-12-03,,,
2003-12-04,,,
2003-12-05,,,
2003-12-06,,,
2003-12-07,,,
2003-12-08,,,
2003-12-09,,,
2003-12-10,,,
2003-12-11,,,
2003-12-12,,,
2003-12-13,,,
2003-12-14,,,
2003-12-15,,,
2003-12-16,,,
2003-12-17,,,
2003-12-18,,,
2003-12-19,,,
2003-12-20,,,
2003-12-21,,,
2003-12-22,,,
2003-12-23,,,
2003-12-24,,,
2003-12-25,,,
2003-12-26,,,
2003-12-27,,,
2003-12-28,,,
2003-12-29,,,
2003-12-30,,,
2003-12-31,,,
2004-01-01,,,
2004-01-02,,,
2004-01-03,,,
2004-01-04,,,
2004-01-05,,,
2004-01-06,,,
2004-01-07,,,
2004-01-08,,,
2004-01-09,,,
2004-01-10,,,
2004-01-11,,,
2004-01-12,,,
2004-01-13,,,
2004-01-14,,,
2004-01-15,,,
2004-01-16,,,
2004-01-17,,,
2004-01-18,,,
2004-01-19,,,
2004-01-20,,,
2004-01-21,,,
2004-01-22,,,
2004-01-23,,,
2004-01-24,,,
2004-01-25,,,
2004-01-26,,,
2004-01-27,,,
2004-01-28,,,
2004-01-29,,,
2004-01-30,,,
2004-01-31,,,
2004-02-01,,,
2004-02-02,,,
2004-02-03,,,
2004-02-04,,,
2004-02-05,,,
2004-02-06,,,
2004-02-07,,,
2004-02-08,,,
2004-02-09,,,
2004-02-10,,,
2004-02-11,,,
2004-02-12,,,
2004-02-13,,,
2004-02-14,,,
2004-02-15,,,
2004-02-16,,,
2004-02-17,,,
2004-02-18,,,
2004-02-19,,,
2004-02-20,,,
2004-02-21,,,
2004-02-22,,,
2004-02-23,,,
2004-02-24,,,
2004-02-25,,,
2004-02-26,,,
2004-02-27,,,
2004-02-28,,,
2004-02-29,,,
2004-03-01,,,
2004-03-02,,,
2004-03-03,,,
2004-03-04,,,
2004-03-05,,,
2004-03-06,,,
2004-03-07,,,
2004-03-08,,,
2004-03-09,,,
2004-03-10,,,
2004-03-11,,,
2004-03-12,,,
2004-03-13,,,
2004-03-14,,,
2004-03-15,,,
2004-03-16,,,
2004-03-17,,,
2004-03-18,,,
2004-03-19,,,
2004-03-20,,,
2004-03-21,,,
2004-03-22,,,
2004-03-23,,,
2004-03-24,,,
2004-03-25,,,
2004-03-26,,,
2004-03-27,,,
2004-03-28,,,
2004-03-29,,,
2004-03-30,,,
2004-03-31,,,
2004-04-01,,,
2004-04-02,,,
2004-04-03,,,
2004-04-04,,,
2004-04-05,,,
2004-04-06,,,
2004-04-07,,,
2004-04-08,,,
2004-04-09,,,
2004-04-10,,,
2004-04-11,,,
2004-04-12,,,
2004-04-13,,,
2004-04-14,,,
2004-04-15,,,
2004-04-16,,,
2004-04-17,,,
2004-04-18,,,
2004-04-19,,,
2004-04-20,,,
2004-04-21,,,
2004-04-22,,,
2004-04-23,,,
2004-04-24,,,
2004-04-25,,,
2004-04-26,,,
2004-04-27,,,
2004-04-28,,,
2004-04-29,,,
2004-04-30,,,
2004-05-01,,,
2004-05-02,,,
2004-05-03,,,
2004-05-04,,,
2004-05-05,,,
2004-05-06,,,
2004-05-07,,,
2004-05-08,,,
2004-05-09,,,
2004-05-10,,,
2004-05-11,,,
2004-05-12,,,
2004-05-13,,,
2004-05-14,,,
2004-05-15,,,
2004-05-16,,,
2004-05-17,,,
2004-05-18,,,
2004-05-19,,,
2004-05-20,,,
2004-05-21,,,
2004-05-22,,,
2004-05-23,,,
2004-05-24,,,
2004-05-25,,,
2004-05-26,,,
2004-05-27,,,
2004-05-28,,,
2004-05-29,,,
2004-05-30,,,
2004-05-31,,,
2004-06-01,,,
2004-06-02,,,
2004-06-03,,,
2004-06-04,,,
2004-06-05,,,
2004-06-06,,,
2004-06-07,,,
2004-06-08,,,
2004-06-09,,,
2004-06-10,,,
2004-06-11,,,
2004-06-12,,,
2004-06-13,,,
2004-06-14,,,
2004-06-15,,,
2004-06-16,,,
2004-06-17,,,
2004-06-18,,,
2004-06-19,,,
2004-06-20,,,
2004-06-21,,,
2004-06-22,,,
2004-06-23,,,
2004-06-24,,,
2004-06-25,,,
2004-06-26,,,
2004-06-27,,,
2004-06-28,,,
2004-06-29,,,
2004-06-30,,,
2004-07-01,,,
2004-07-02,,,
2004-07-03,,,
2004-07-04,,,
2004-07-05,,,
2004-07-06,,,
2004-07-07,,,
2004-07-08,,,
2004-07-09,,,
2004-07-10,,,
2004-07-11,,,
2004-07-12,,,
2004-07-13,,,
2004-07-14,,,
2004-07-15,,,
2004-07-16,,,
2004-07-17,,,
2004-07-18,,,
2004-07-19,,,
2004-07-20,,,
2004-07-21,,,
2004-07-22,,,
2004-07-23,,,
2004-07-24,,,
2004-07-25,,,
2004-07-26,,,
2004-07-27,,,
2004-07-28,,,
2004-07-29,,,
2004-07-30,,,
2004-07-31,,,
2004-08-01,,,
2004-08-02,,,
2004-08-03,,,
2004-08-04,,,
2004-08-05,,,
2004-08-06,,,
2004-08-07,,,
2004-08-08,,,
2004-08-09,,,
2004-08-10,,,
2004-08-11,,,
2004-08-12,,,
2004-08-13,,,
2004-08-14,,,
2004-08-15,,,
2004-08-16,,,
2004-08-17,,,
2004-08-18,,,
2004-08-19,,,
2004-08-20,,,
2004-08-21,,,
2004-08-22,,,
2004-08-23,,,
2004-08-24,,,
2004-08-25,,,
2004-08-26,,,
2004-08-27,,,
2004-08-28,,,
2004-08-29,,,
2004-08-30,,,
2004-08-31,,,
2004-09-01,,,
2004-09-02,,,
2004-09-03,,,
2004-09-04,,,
2004-09-05,,,
2004-09-06,,,
2004-09-07,,,
2004-09-08,,,
2004-09-09,,,
2004-09-10,,,
2004-09-11,,,
2004-09-12,,,
2004-09-13,,,
2004-09-14,,,
2004-09-15,,,
2004-09-16,,,
2004-09-17,,,
2004-09-18,,,
2004-09-19,,,
2004-09-20,,,
2004-09-21,,,
2004-09-22,,,
2004-09-23,,,
2004-09-24,,,
2004-09-25,,,
2004-09-26,,,
2004-09-27,,,
2004-09-28,,,
2004-09-29,,,
2004-09-30,,,
2004-10-01,,,
2004-10-02,,,
2004-10-03,,,
2004-10-04,,,
2004-10-05,,,
2004-10-06,,,
2004-10-07,,,
2004-10-08,,,
2004-10-09,,,
2004-10-10,,,
2004-10-11,,,
2004-10-12,,,
2004-10-13,,,
2004-10-14,,,
2004-10-15,,,
2004-10-16,,,
2004-10-17,,,
2004-10-18,,,
2004-10-19,,,
2004-10-20,,,
2004-10-21,,,
2004-10-22,,,
2004-10-23,,,
2004-10-24,,,
2004-10-25,,,
2004-10-26,,,
2004-10-27,,,
2004-10-28,,,
2004-10-29,,,
2004-10-30,,,
2004-10-31,,,
2004-11-01,,,
2004-11-02,,,
2004-11-03,,,
2004-11-04,,,
2004-11-05,,,
2004-11-06,,,
2004-11-07,,,
2004-11-08,,,
2004-11-09,,,
2004-11-10,,,
2004-11-11,,,
2004-11-12,,,
2004-11-13,,,
2004-11-14,,,
2004-11-15,,,
2004-11-16,,,
2004-11-17,,,
2004-11-18,,,
2004-11-19,,,
2004-11-20,,,
2004-11-21,,,
2004-11-22,,,
2004-11-23,,,
2004-11-24,,,
2004-11-25,,,
2004-11-26,,,
2004-11-27,,,
2004-11-28,,,
2004-11-29,,,
2004-11-30,,,
2004-12-01,,,
2004-12-02,,,
2004-12-03,,,
2004-12-04,,,
2004-12-05,,,
2004-12-06,,,
2004-12-07,,,
2004-12-08,,,
2004-12-09,,,
2004-12-10,,,
2004-12-11,,,
2004-12-12,,,
2004-12-13,,,
2004-12-14,,,
2004-12-15,,,
2004-12-16,,,
2004-12-17,,,
2004-12-18,,,
2004-12-19,,,
2004-12-20,,,
2004-12-21,,,
2004-12-22,,,
2004-12-23,,,
2004-12-24,,,
2004-12-25,,,
2004-12-26,,,
2004-12-27,,,
2004-12-28,,,
2004-12-29,,,
2004-12-30,,,
2004-12-31,,,
2005-01-01,,,
2005-01-02,,,
2005-01-03,,,
2005-01-04,,,
2005-01-05,,,
2005-01-06,,,
2005-01-07,,,
2005-01-08,,,
2005-01-09,,,
2005-01-10,,,
2005-01-11,,,
2005-01-12,,,
2005-01-13,,,
2005-01-14,,,
2005-01-15,,,
2005-01-16,,,
2005-01-17,,,
2005-01-18,,,
2005-01-19,,,
2005-01-20,,,
2005-01-21,,,
2005-01-22,,,
2005-01-23,,,
2005-01-24,,,
2005-01-25,,,
2005-01-26,,,
2005-01-27,,,
2005-01-28,,,
2005-01-29,,,
2005-01-30,,,
2005-01-31,,,
2005-02-01,,,
2005-02-02,,,
2005-02-03,,,
2005-02-04,,,
2005-02-05,,,
2005-02-06,,,
2005-02-07,,,
2005-02-08,,,
2005-02-09,,,
2005-02-10,,,
2005-02-11,,,
2005-02-12,,,
2005-02-13,,,
2005-02-14,,,
2005-02-15,,,
2005-02-16,,,
2005-02-17,,,
2005-02-18,,,
2005-02-19,,,
2005-02-20,,,
2005-02-21,,,
2005-02-22,,,
2005-02-23,,,
2005-02-24,,,
2005-02-25,,,
2005-02-26,,,
2005-02-27,,,
2005-02-28,,,
2005-03-01,,,
2005-03-02,,,
2005-03-03,,,
2005-03-04,,,
2005-03-05,,,
2005-03-06,,,
2005-03-07,,,
2005-03-08,,,
2005-03-09,,,
2005-03-10,,,
2005-03-11,,,
2005-03-12,,,
2005-03-13,,,
2005-03-14,,,
2005-03-15,,,
2005-03-16,,,
2005-03-17,,,
2005-03-18,,,
2005-03-19,,,
2005-03-20,,,
2005-03-21,,,
2005-03-22,,,
2005-03-23,,,
2005-03-24,,,
2005-03-25,,,
2005-03-26,,,
2005-03-27,,,
2005-03-28,,,
2005-03-29,,,
2005-03-30,,,
2005-03-31,,,
2005-04-01,,,
2005-04-02,,,
2005-04-03,,,
2005-04-04,,,
2005-04-05,,,
2005-04-06,,,
2005-04-07,,,
2005-04-08,,,
2005-04-09,,,
2005-04-10,,,
2005-04-11,,,
2005-04-12,,,
2005-04-13,,,
2005-04-14,,,
2005-04-15,,,
2005-04-16,,,
2005-04-17,,,
2005-04-18,,,
2005-04-19,,,
2005-04-20,,,
2005-04-21,,,
2005-04-22,,,
2005-04-23,,,
2005-04-24,,,
2005-04-25,,,
2005-04-26,,,
2005-04-27,,,
2005-04-28,,,
2005-04-29,,,
2005-04-30,,,
2005-05-01,,,
2005-05-02,,,
2005-05-03,,,
2005-05-04,,,
2005-05-05,,,
2005-05-06,,,
2005-05-07,,,
2005-05-08,,,
2005-05-09,,,
2005-05-10,,,
2005-05-11,,,
2005-05-12,,,
2005-05-13,,,
2005-05-14,,,
2005-05-15,,,
2005-05-16,,,
2005-05-17,,,
2005-05-18,,,
2005-05-19,,,
2005-05-20,,,
2005-05-21,,,
2005-05-22,,,
2005-05-23,,,
2005-05-24,,,
2005-05-25,,,
2005-05-26,,,
2005-05-27,,,
2005-05-28,,,
2005-05-29,,,
2005-05-30,,,
2005-05-31,,,
2005-06-01,,,
2005-06-02,,,
2005-06-03,,,
2005-06-04,,,
2005-06-05,,,
2005-06-06,,,
2005-06-07,,,
2005-06-08,,,
2005-06-09,,,
2005-06-10,,,
2005-06-11,,,
2005-06-12,,,
2005-06-13,,,
2005-06-14,,,
2005-06-15,,,
2005-06-16,,,
2005-06-17,,,
2005-06-18,,,
2005-06-19,,,
2005-06-20,,,
2005-06-21,,,
2005-06-22,,,
2005-06-23,,,
2005-06-24,708.0,711.0,709.833
2005-06-25,705.0,708.0,706.583
2005-06-26,703.0,741.0,708.667
2005-06-27,769.0,1106.0,987.238
2005-06-28,920.0,990.0,942.708
2005-06-29,1023.0,1241.0,1139.292
2005-06-30,889.0,1012.0,936.5
2005-07-01,857.0,887.0,869.833
2005-07-02,883.0,955.0,927.375
2005-07-03,957.0,966.0,963.333
2005-07-04,961.0,966.0,963.75
2005-07-05,957.0,982.0,960.917
2005-07-06,945.0,964.0,952.125
2005-07-07,937.0,955.0,943.917
2005-07-08,959.0,981.0,974.708
2005-07-09,967.0,975.0,971.125
2005-07-10,958.0,966.0,963.375
2005-07-11,952.0,957.0,955.208
2005-07-12,945.0,953.0,948.458
2005-07-13,949.0,982.0,960.333
2005-07-14,983.0,999.0,992.208
2005-07-15,998.0,1004.0,1001.667
2005-07-16,996.0,1002.0,998.292
2005-07-17,994.0,1000.0,996.542
2005-07-18,1001.0,1004.0,1003.042
2005-07-19,1001.0,1007.0,1004.667
2005-07-20,1001.0,1006.0,1004.0
2005-07-21,1001.0,1005.0,1003.167
2005-07-22,998.0,1004.0,1001.208
2005-07-23,995.0,998.0,996.417
2005-07-24,993.0,996.0,995.0
2005-07-25,993.0,998.0,995.958
2005-07-26,993.0,1001.0,996.542
2005-07-27,991.0,995.0,993.333
2005-07-28,980.0,992.0,984.542
2005-07-29,980.0,989.0,983.25
2005-07-30,991.0,1114.0,1059.0
2005-07-31,1079.0,1116.0,1098.833
2005-08-01,1072.0,1115.0,1088.792
2005-08-02,1116.0,1140.0,1128.571
2005-08-03,1142.0,1217.0,1186.083
2005-08-04,1219.0,1243.0,1228.762
2005-08-05,1244.0,1259.0,1252.792
2005-08-06,1259.0,1267.0,1263.625
2005-08-07,1255.0,1268.0,1261.208
2005-08-08,1267.0,1283.0,1276.375
2005-08-09,1273.0,1289.0,1281.792
2005-08-10,1288.0,1344.0,1307.458
2005-08-11,1309.0,1344.0,1323.542
2005-08-12,1304.0,1509.0,1357.333
2005-08-13,1504.0,1602.0,1549.571
2005-08-14,1448.0,1499.0,1474.417
2005-08-15,1430.0,1446.0,1437.458
2005-08-16,1440.0,1487.0,1470.292
2005-08-17,1480.0,1489.0,1485.167
2005-08-18,1464.0,1479.0,1474.458
2005-08-19,1459.0,1465.0,1462.042
2005-08-20,1444.0,1459.0,1451.417
2005-08-21,1446.0,1475.0,1465.458
2005-08-22,1475.0,1481.0,1478.833
2005-08-23,1466.0,1475.0,1469.625
2005-08-24,1462.0,1469.0,1466.5
2005-08-25,1452.0,1463.0,1458.5
2005-08-26,1465.0,1763.0,1536.25
2005-08-27,1727.0,1836.0,1779.611
2005-08-28,1702.0,1733.0,1717.083
2005-08-29,1732.0,1745.0,1736.333
2005-08-30,1740.0,1747.0,1742.833
2005-08-31,1733.0,1741.0,1737.125
2005-09-01,1727.0,1738.0,1734.25
2005-09-02,1716.0,1728.0,1723.333
2005-09-03,1718.0,1743.0,1732.333
2005-09-04,1740.0,1748.0,1744.292
2005-09-05,1736.0,1741.0,1738.571
2005-09-06,1739.0,1746.0,1742.611
2005-09-07,1727.0,1740.0,1733.292
2005-09-08,1723.0,1730.0,1727.167
2005-09-09,1722.0,1726.0,1723.375
2005-09-10,1725.0,1728.0,1726.25
2005-09-11,1726.0,1732.0,1727.875
2005-09-12,1726.0,1731.0,1728.083
2005-09-13,1724.0,1733.0,1729.0
2005-09-14,1721.0,1728.0,1724.583
2005-09-15,1721.0,1734.0,1726.875
2005-09-16,1716.0,1726.0,1721.958
2005-09-17,1715.0,1719.0,1716.958
2005-09-18,1717.0,1759.0,1740.708
2005-09-19,1759.0,1785.0,1775.708
2005-09-20,1786.0,1807.0,1801.5
2005-09-21,1811.0,1837.0,1822.125
2005-09-22,1808.0,1854.0,1830.125
2005-09-23,1793.0,1829.0,1813.5
2005-09-24,1770.0,1792.0,1782.083
2005-09-25,1779.0,1798.0,1788.0
2005-09-26,1777.0,1799.0,1789.542
2005-09-27,1780.0,1818.0,1798.0
2005-09-28,1784.0,1831.0,1809.0
2005-09-29,1780.0,1795.0,1789.25
2005-09-30,1729.0,1753.0,1739.556
2005-10-01,1711.0,1765.0,1724.458
2005-10-02,1748.0,1781.0,1768.125
2005-10-03,1705.0,1747.0,1725.125
2005-10-04,1699.0,1708.0,1703.792
2005-10-05,1683.0,1698.0,1690.111
2005-10-06,1690.0,1703.0,1695.917
2005-10-07,1718.0,1726.0,1722.667
2005-10-08,1704.0,1728.0,1719.708
2005-10-09,1700.0,1724.0,1714.417
2005-10-10,1685.0,1718.0,1702.708
2005-10-11,1672.0,1705.0,1687.917
2005-10-12,1662.0,1684.0,1672.458
2005-10-13,1623.0,1665.0,1651.0
2005-10-14,1587.0,1623.0,1609.944
2005-10-15,1551.0,1588.0,1575.958
2005-10-16,1511.0,1553.0,1539.958
2005-10-17,1477.0,1513.0,1501.375
2005-10-18,1448.0,1480.0,1469.792
2005-10-19,1403.0,1448.0,1433.042
2005-10-20,1329.0,1402.0,1375.625
2005-10-21,1257.0,1327.0,1304.042
2005-10-22,1178.0,1255.0,1231.667
2005-10-23,1104.0,1183.0,1155.917
2005-10-24,1059.0,1109.0,1090.458
2005-10-25,997.0,1063.0,1039.833
2005-10-26,925.0,1010.0,976.458
2005-10-27,861.0,934.0,906.875
2005-10-28,860.0,869.0,865.833
2005-10-29,851.0,875.0,866.542
2005-10-30,791.0,860.0,833.625
2005-10-31,725.0,797.0,772.958
2005-11-01,651.0,728.0,702.833
2005-11-02,557.0,649.0,619.292
2005-11-03,461.0,554.0,517.125
2005-11-04,410.0,503.0,455.417
2005-11-05,324.0,433.0,386.958
2005-11-06,239.0,338.0,295.75
2005-11-07,156.0,248.0,211.292
2005-11-08,77.0,154.0,124.667
2005-11-09,5.0,75.0,51.429
2005-11-10,-95.0,-12.0,-43.875
2005-11-11,-98.0,-98.0,-98.0
2005-11-12,,,
2005-11-13,,,
2005-11-14,,,
2005-11-15,,,
2005-11-16,-33.0,6.0,-16.81
2005-11-17,-26.0,2.0,-10.083
2005-11-18,-22.0,35.0,2.125
2005-11-19,-10.0,47.0,11.625
2005-11-20,-8.0,45.0,13.375
2005-11-21,-4.0,52.0,18.167
2005-11-22,-10.0,32.0,10.083
2005-11-23,-10.0,34.0,26.81
2005-11-24,8.0,48.0,26.083
2005-11-25,-36.0,26.0,9.542
2005-11-26,-8.0,50.0,16.875
2005-11-27,7.0,47.0,21.542
2005-11-28,3.0,53.0,23.75
2005-11-29,5.0,37.0,17.875
2005-11-30,1.0,59.0,21.208
2005-12-01,4.0,68.0,29.375
2005-12-02,8.0,68.0,31.792
2005-12-03,7.0,58.0,28.0
2005-12-04,-6.0,21.0,7.875
2005-12-05,-7.0,36.0,7.25
2005-12-06,-3.0,57.0,21.417
2005-12-07,-6.0,22.0,11.125
2005-12-08,-26.0,28.0,11.125
2005-12-09,-15.0,60.0,17.458
2005-12-10,8.0,74.0,34.917
2005-12-11,15.0,88.0,44.125
2005-12-12,22.0,83.0,46.583
2005-12-13,22.0,84.0,47.833
2005-12-14,17.0,91.0,47.708
2005-12-15,23.0,87.0,46.375
2005-12-16,15.0,84.0,43.5
2005-12-17,14.0,87.0,43.417
2005-12-18,14.0,83.0,42.917
2005-12-19,13.0,83.0,41.917
2005-12-20,14.0,91.0,47.583
2005-12-21,23.0,71.0,43.833
2005-12-22,16.0,82.0,42.25
2005-12-23,15.0,91.0,46.417
2005-12-24,15.0,96.0,48.167
2005-12-25,20.0,101.0,54.292
2005-12-26,24.0,97.0,54.75
2005-12-27,21.0,76.0,43.167
2005-12-28,10.0,91.0,43.792
2005-12-29,17.0,93.0,42.889
2005-12-30,40.0,85.0,66.167
2005-12-31,16.0,89.0,45.417
2006-01-01,17.0,73.0,38.417
2006-01-02,5.0,75.0,31.875
2006-01-03,-18.0,47.0,8.5
2006-01-04,-10.0,52.0,14.417
2006-01-05,-11.0,54.0,10.625
2006-01-06,-24.0,36.0,-0.375
2006-01-07,-11.0,40.0,8.667
2006-01-08,-20.0,38.0,1.571
2006-01-09,-26.0,27.0,-5.25
2006-01-10,-41.0,32.0,-11.792
2006-01-11,-21.0,38.0,0.333
2006-01-12,-25.0,62.0,7.917
2006-01-13,-12.0,60.0,17.25
2006-01-14,-15.0,49.0,9.792
2006-01-15,-18.0,47.0,7.792
2006-01-16,-17.0,67.0,16.083
2006-01-17,-8.0,74.0,23.75
2006-01-18,-4.0,60.0,21.375
2006-01-19,-10.0,55.0,14.875
2006-01-20,-16.0,54.0,12.833
2006-01-21,-13.0,58.0,15.625
2006-01-22,-9.0,63.0,18.708
2006-01-23,-12.0,58.0,16.583
2006-01-24,-12.0,54.0,14.25
2006-01-25,-13.0,71.0,20.125
2006-01-26,-4.0,75.0,27.375
2006-01-27,-6.0,73.0,26.125
2006-01-28,-4.0,59.0,23.375
2006-01-29,-9.0,57.0,20.208
2006-01-30,-4.0,71.0,24.524
2006-01-31,-2.0,69.0,26.708
2006-02-01,-6.0,70.0,25.292
2006-02-02,-6.0,67.0,24.208
2006-02-03,-7.0,56.0,19.583
2006-02-04,-17.0,47.0,10.75
2006-02-05,-21.0,54.0,11.083
2006-02-06,-12.0,58.0,16.458
2006-02-07,-15.0,52.0,12.75
2006-02-08,-20.0,53.0,10.708
2006-02-09,-14.0,63.0,17.208
2006-02-10,-6.0,76.0,26.583
2006-02-11,-1.0,65.0,25.875
2006-02-12,-5.0,67.0,24.208
2006-02-13,-3.0,72.0,27.0
2006-02-14,-2.0,63.0,24.625
2006-02-15,-7.0,42.0,15.292
2006-02-16,-8.0,53.0,19.571
2006-02-17,-11.0,58.0,17.458
2006-02-18,-10.0,57.0,18.875
2006-02-19,-9.0,53.0,17.25
2006-02-20,-13.0,53.0,14.375
2006-02-21,-15.0,45.0,10.25
2006-02-22,-20.0,22.0,-2.958
2006-02-23,-31.0,34.0,-6.125
2006-02-24,-28.0,46.0,1.75
2006-02-25,-20.0,43.0,5.833
2006-02-26,-45.0,0.0,-26.125
2006-02-27,-54.0,11.0,-28.048
2006-02-28,-47.0,16.0,-18.458
2006-03-01,-36.0,19.0,-14.042
2006-03-02,-33.0,8.0,-15.208
2006-03-03,-43.0,29.0,-13.083
2006-03-04,-31.0,34.0,-8.571
2006-03-05,-27.0,30.0,-4.125
2006-03-06,-26.0,9.0,-10.167
2006-03-07,-26.0,12.0,-11.708
2006-03-08,-34.0,17.0,-14.917
2006-03-09,-32.0,32.0,-7.833
2006-03-10,-26.0,28.0,-5.042
2006-03-11,-32.0,32.0,-7.167
2006-03-12,-27.0,32.0,-3.708
2006-03-13,-27.0,18.0,-9.333
2006-03-14,-31.0,24.0,-9.833
2006-03-15,-27.0,15.0,-12.125
2006-03-16,-40.0,12.0,-19.833
2006-03-17,-35.0,19.0,-15.952
2006-03-18,-28.0,36.0,2.944
2006-03-19,-25.0,31.0,-1.667
2006-03-20,-23.0,30.0,-1.875
2006-03-21,-26.0,24.0,-5.417
2006-03-22,-29.0,27.0,-6.143
2006-03-23,-27.0,22.0,-7.667
2006-03-24,-34.0,12.0,-17.167
2006-03-25,-36.0,22.0,-14.083
2006-03-26,-31.0,8.0,-14.208
2006-03-27,-37.0,20.0,-15.625
2006-03-28,-28.0,22.0,-8.0
2006-03-29,-28.0,24.0,-8.417
2006-03-30,-30.0,4.0,-15.625
2006-03-31,-33.0,16.0,-14.375
2006-04-01,-28.0,25.0,-7.292
2006-04-02,-19.0,29.0,-2.042
2006-04-03,-23.0,22.0,-5.917
2006-04-04,-30.0,18.0,-10.833
2006-04-05,-35.0,16.0,-14.833
2006-04-06,-31.0,20.0,-11.5
2006-04-07,-35.0,9.0,-17.5
2006-04-08,-37.0,15.0,-17.167
2006-04-09,-28.0,16.0,-11.042
2006-04-10,-33.0,13.0,-15.083
2006-04-11,-31.0,0.0,-18.542
2006-04-12,-54.0,-23.0,-39.167
2006-04-13,-54.0,-24.0,-43.583
2006-04-14,-59.0,-15.0,-39.25
2006-04-15,-50.0,-16.0,-37.542
2006-04-16,-47.0,-8.0,-33.125
2006-04-17,-44.0,-4.0,-28.083
2006-04-18,-49.0,-30.0,-39.042
2006-04-19,-50.0,-36.0,-44.667
2006-04-20,-66.0,-27.0,-47.0
2006-04-21,-56.0,-17.0,-39.167
2006-04-22,-49.0,-5.0,-30.292
2006-04-23,-40.0,2.0,-24.375
2006-04-24,-45.0,-5.0,-27.167
2006-04-25,-43.0,350.0,-9.125
2006-04-26,-40.0,5.0,-21.542
2006-04-27,-32.0,8.0,-15.583
2006-04-28,-35.0,-5.0,-23.083
2006-04-29,-41.0,-3.0,-28.667
2006-04-30,-35.0,1.0,-22.458
2006-05-01,-32.0,5.0,-19.667
2006-05-02,-32.0,7.0,-18.167
2006-05-03,-32.0,7.0,-17.875
2006-05-04,-33.0,2.0,-20.542
2006-05-05,-35.0,-6.0,-24.708
2006-05-06,-40.0,-3.0,-27.25
2006-05-07,-41.0,-3.0,-27.667
2006-05-08,-42.0,-2.0,-26.875
2006-05-09,-40.0,-1.0,-26.542
2006-05-10,-38.0,1.0,-23.792
2006-05-11,-37.0,1.0,-24.042
2006-05-12,-37.0,-1.0,-25.333
2006-05-13,-35.0,2.0,-23.417
2006-05-14,-39.0,-4.0,-26.625
2006-05-15,-35.0,-28.0,-31.958
2006-05-16,-53.0,-36.0,-44.5
2006-05-17,-56.0,-25.0,-43.0
2006-05-18,-86.0,-26.0,-51.095
2006-05-19,-63.0,-34.0,-49.792
2006-05-20,-54.0,-31.0,-47.095
2006-05-21,-63.0,-32.0,-47.458
2006-05-22,-48.0,-23.0,-38.083
2006-05-23,-43.0,-33.0,-37.0
2006-05-24,-47.0,-39.0,-41.333
2006-05-25,-52.0,-28.0,-41.583
2006-05-26,-52.0,-41.0,-47.208
2006-05-27,-64.0,-38.0,-49.5
2006-05-28,-52.0,-35.0,-43.583
2006-05-29,-62.0,-33.0,-46.583
2006-05-30,-58.0,-30.0,-43.667
2006-05-31,-55.0,-31.0,-42.75
2006-06-01,-39.0,8.0,2.13
2006-06-02,-13.0,13.0,1.5
2006-06-03,-6.0,14.0,3.619
2006-06-04,-5.0,16.0,5.167
2006-06-05,-1.0,65.0,27.0
2006-06-06,68.0,145.0,123.833
2006-06-07,143.0,233.0,168.208
2006-06-08,240.0,329.0,297.222
2006-06-09,330.0,340.0,336.313
2006-06-10,344.0,346.0,344.882
2006-06-11,342.0,348.0,345.125
2006-06-12,344.0,459.0,393.167
2006-06-13,431.0,460.0,442.167
2006-06-14,440.0,455.0,444.375
2006-06-15,440.0,445.0,442.25
2006-06-16,445.0,452.0,448.167
2006-06-17,450.0,487.0,466.583
2006-06-18,487.0,493.0,490.292
2006-06-19,491.0,504.0,500.042
2006-06-20,507.0,528.0,516.25
2006-06-21,528.0,548.0,537.542
2006-06-22,548.0,578.0,563.667
2006-06-23,578.0,599.0,586.917
2006-06-24,599.0,670.0,627.167
2006-06-25,672.0,686.0,681.625
2006-06-26,687.0,693.0,689.875
2006-06-27,693.0,699.0,695.875
2006-06-28,699.0,705.0,701.417
2006-06-29,698.0,722.0,702.833
2006-06-30,671.0,704.0,683.833
2006-07-01,637.0,670.0,656.625
2006-07-02,632.0,638.0,635.167
2006-07-03,629.0,642.0,635.667
2006-07-04,628.0,641.0,634.0
2006-07-05,636.0,650.0,642.75
2006-07-06,642.0,653.0,648.667
2006-07-07,639.0,669.0,652.875
2006-07-08,673.0,748.0,716.125
2006-07-09,748.0,790.0,764.833
2006-07-10,791.0,884.0,824.208
2006-07-11,894.0,946.0,931.417
2006-07-12,910.0,947.0,922.208
2006-07-13,910.0,921.0,915.542
2006-07-14,921.0,931.0,926.25
2006-07-15,932.0,941.0,935.833
2006-07-16,940.0,946.0,943.542
2006-07-17,945.0,951.0,948.0
2006-07-18,923.0,944.0,935.542
2006-07-19,917.0,924.0,921.417
2006-07-20,919.0,930.0,923.458
2006-07-21,898.0,922.0,908.583
2006-07-22,913.0,939.0,933.5
2006-07-23,940.0,949.0,944.833
2006-07-24,949.0,959.0,954.208
2006-07-25,962.0,1009.0,983.542
2006-07-26,1013.0,1053.0,1035.958
2006-07-27,1054.0,1079.0,1066.875
2006-07-28,1080.0,1089.0,1085.0
2006-07-29,1087.0,1094.0,1091.333
2006-07-30,996.0,1095.0,1006.0
2006-07-31,1008.0,1013.0,1010.458
2006-08-01,1014.0,1027.0,1020.833
2006-08-02,1027.0,1036.0,1031.458
2006-08-03,1036.0,1049.0,1043.083
2006-08-04,1053.0,1094.0,1081.417
2006-08-05,1094.0,1109.0,1101.625
2006-08-06,1013.0,1111.0,1027.87
2006-08-07,1061.0,1085.0,1076.583
2006-08-08,1083.0,1121.0,1094.25
2006-08-09,929.0,1122.0,943.739
2006-08-10,941.0,1000.0,962.833
2006-08-11,1001.0,1026.0,1018.0
2006-08-12,1026.0,1033.0,1028.458
2006-08-13,1033.0,1047.0,1040.625
2006-08-14,1048.0,1055.0,1050.792
2006-08-15,1056.0,1060.0,1058.167
2006-08-16,1060.0,1070.0,1066.125
2006-08-17,1070.0,1076.0,1072.917
2006-08-18,1077.0,1081.0,1079.208
2006-08-19,1080.0,1088.0,1085.083
2006-08-20,1088.0,1095.0,1091.125
2006-08-21,1092.0,1097.0,1095.042
2006-08-22,1094.0,1100.0,1097.25
2006-08-23,1096.0,1103.0,1100.292
2006-08-24,1095.0,1103.0,1099.0
2006-08-25,1092.0,1098.0,1095.833
2006-08-26,1091.0,1113.0,1103.042
2006-08-27,1083.0,1105.0,1093.333
2006-08-28,1064.0,1083.0,1074.417
2006-08-29,1053.0,1064.0,1059.667
2006-08-30,1040.0,1052.0,1044.5
2006-08-31,1045.0,1102.0,1073.917
2006-09-01,1093.0,1104.0,1100.625
2006-09-02,1075.0,1091.0,1083.542
2006-09-03,1055.0,1075.0,1063.417
2006-09-04,1040.0,1055.0,1048.375
2006-09-05,1027.0,1040.0,1032.0
2006-09-06,1021.0,1029.0,1025.417
2006-09-07,1024.0,1029.0,1026.292
2006-09-08,1007.0,1026.0,1016.208
2006-09-09,986.0,1006.0,994.5
2006-09-10,987.0,1083.0,1012.5
2006-09-11,998.0,1026.0,1009.647
2006-09-12,992.0,997.0,994.917
2006-09-13,983.0,992.0,987.083
2006-09-14,978.0,984.0,981.75
2006-09-15,972.0,979.0,976.625
2006-09-16,959.0,972.0,966.917
2006-09-17,957.0,960.0,958.458
2006-09-18,942.0,957.0,948.917
2006-09-19,925.0,941.0,931.708
2006-09-20,910.0,924.0,915.375
2006-09-21,887.0,908.0,894.375
2006-09-22,897.0,903.0,899.958
2006-09-23,900.0,903.0,901.667
2006-09-24,900.0,913.0,903.333
2006-09-25,894.0,912.0,902.0
2006-09-26,848.0,897.0,867.125
2006-09-27,816.0,847.0,828.542
2006-09-28,793.0,814.0,800.667
2006-09-29,765.0,792.0,775.542
2006-09-30,727.0,763.0,743.875
2006-10-01,706.0,726.0,713.875
2006-10-02,659.0,703.0,678.792
2006-10-03,641.0,660.0,650.0
2006-10-04,641.0,649.0,646.917
2006-10-05,649.0,654.0,651.708
2006-10-06,642.0,652.0,645.625
2006-10-07,630.0,642.0,637.25
2006-10-08,601.0,630.0,614.417
2006-10-09,553.0,598.0,576.917
2006-10-10,510.0,551.0,528.333
2006-10-11,478.0,509.0,492.917
2006-10-12,472.0,501.0,488.333
2006-10-13,466.0,498.0,480.125
2006-10-14,499.0,509.0,503.417
2006-10-15,504.0,510.0,508.083
2006-10-16,504.0,512.0,508.292
2006-10-17,488.0,507.0,499.792
2006-10-18,469.0,488.0,480.125
2006-10-19,442.0,469.0,457.167
2006-10-20,401.0,442.0,423.458
2006-10-21,358.0,403.0,382.792
2006-10-22,306.0,359.0,336.5
2006-10-23,236.0,305.0,277.125
2006-10-24,163.0,235.0,201.833
2006-10-25,109.0,181.0,143.792
2006-10-26,50.0,108.0,82.125
2006-10-27,-5.0,48.0,22.375
2006-10-28,-60.0,13.0,-24.042
2006-10-29,-108.0,-42.0,-74.458
2006-10-30,-172.0,-106.0,-135.833
2006-10-31,-236.0,-164.0,-197.417
2006-11-01,-271.0,-226.0,-250.125
2006-11-02,-331.0,-264.0,-293.417
2006-11-03,-405.0,-329.0,-361.542
2006-11-04,-486.0,4.0,-301.667
2006-11-05,-54.0,-5.0,-27.125
2006-11-06,-87.0,-35.0,-63.75
2006-11-07,-104.0,-67.0,-87.708
2006-11-08,-106.0,-43.0,-77.5
2006-11-09,-84.0,-40.0,-67.833
2006-11-10,-78.0,-29.0,-60.5
2006-11-11,-79.0,-16.0,-51.458
2006-11-12,-68.0,-18.0,-48.917
2006-11-13,-75.0,-20.0,-51.167
2006-11-14,-78.0,-21.0,-52.0
2006-11-15,-68.0,-18.0,-48.833
2006-11-16,-69.0,-14.0,-46.792
2006-11-17,-62.0,-8.0,-41.958
2006-11-18,-64.0,-4.0,-41.667
2006-11-19,-57.0,1.0,-34.5
2006-11-20,-58.0,-1.0,-35.0
2006-11-21,-60.0,9.0,-32.042
2006-11-22,-52.0,12.0,-26.792
2006-11-23,-48.0,3.0,-30.458
2006-11-24,-49.0,6.0,-28.292
2006-11-25,-53.0,9.0,-28.417
2006-11-26,-50.0,6.0,-28.5
2006-11-27,-52.0,3.0,-31.208
2006-11-28,-54.0,7.0,-29.958
2006-11-29,-48.0,17.0,-22.333
2006-11-30,-44.0,12.0,-22.458
2006-12-01,-43.0,2.0,-27.875
2006-12-02,-55.0,11.0,-29.0
2006-12-03,-49.0,16.0,-23.042
2006-12-04,-46.0,19.0,-20.333
2006-12-05,-44.0,24.0,-18.083
2006-12-06,-42.0,29.0,-15.042
2006-12-07,-40.0,21.0,-17.125
2006-12-08,-45.0,14.0,-22.083
2006-12-09,-46.0,21.0,-19.958
2006-12-10,-44.0,20.0,-17.917
2006-12-11,-40.0,18.0,-16.875
2006-12-12,-45.0,22.0,-19.833
2006-12-13,-40.0,8.0,-22.708
2006-12-14,-49.0,17.0,-23.75
2006-12-15,-38.0,-6.0,-25.167
2006-12-16,-59.0,-36.0,-46.167
2006-12-17,-74.0,-5.0,-43.083
2006-12-18,-59.0,0.0,-33.167
2006-12-19,-50.0,3.0,-29.833
2006-12-20,-54.0,0.0,-31.583
2006-12-21,-54.0,3.0,-27.958
2006-12-22,-52.0,13.0,-25.5
2006-12-23,-50.0,-30.0,-39.542
2006-12-24,-63.0,-24.0,-52.25
2006-12-25,-78.0,0.0,-45.292
2006-12-26,-51.0,9.0,-29.042
2006-12-27,-54.0,15.0,-24.5
2006-12-28,-49.0,30.0,-14.333
2006-12-29,-33.0,45.0,-3.083
2006-12-30,-23.0,49.0,3.708
2006-12-31,-20.0,50.0,5.875
2007-01-01,-27.0,33.0,-3.0
2007-01-02,-33.0,34.0,-6.708
2007-01-03,-29.0,34.0,-4.167
2007-01-04,-31.0,38.0,-3.292
2007-01-05,-25.0,46.0,2.333
2007-01-06,-29.0,49.0,3.208
2007-01-07,-20.0,45.0,4.375
2007-01-08,-26.0,41.0,0.792
2007-01-09,-29.0,39.0,-1.708
2007-01-10,-29.0,38.0,-2.042
2007-01-11,-29.0,42.0,-0.458
2007-01-12,-21.0,56.0,9.583
2007-01-13,-18.0,47.0,9.042
2007-01-14,-25.0,47.0,4.0
2007-01-15,-20.0,49.0,7.083
2007-01-16,-18.0,45.0,6.917
2007-01-17,-20.0,42.0,4.208
2007-01-18,-22.0,41.0,2.083
2007-01-19,-23.0,35.0,0.792
2007-01-20,-24.0,39.0,0.5
2007-01-21,-23.0,22.0,-4.0
2007-01-22,-30.0,-13.0,-20.417
2007-01-23,-45.0,26.0,-16.542
2007-01-24,-29.0,35.0,-4.5
2007-01-25,-26.0,30.0,-4.75
2007-01-26,-29.0,30.0,-6.042
2007-01-27,-31.0,33.0,-5.75
2007-01-28,-33.0,30.0,-8.583
2007-01-29,-32.0,26.0,-9.125
2007-01-30,-33.0,35.0,-6.625
2007-01-31,-28.0,38.0,-2.125
2007-02-01,-24.0,45.0,3.333
2007-02-02,-20.0,37.0,2.583
2007-02-03,-23.0,-2.0,-12.833
2007-02-04,-37.0,39.0,-6.625
2007-02-05,-25.0,29.0,-2.0
2007-02-06,-26.0,24.0,-6.833
2007-02-07,-34.0,26.0,-9.958
2007-02-08,-31.0,29.0,-6.5
2007-02-09,-28.0,33.0,-3.583
2007-02-10,-24.0,40.0,0.143
2007-02-11,,,
2007-02-12,-31.0,32.0,-4.19
2007-02-13,-29.0,23.0,-7.792
2007-02-14,-29.0,19.0,-5.278
2007-02-15,-33.0,4.0,-18.417
2007-02-16,-60.0,-28.0,-52.75
2007-02-17,-65.0,-30.0,-50.958
2007-02-18,-64.0,-5.0,-38.75
2007-02-19,-48.0,-8.0,-29.625
2007-02-20,-50.0,-2.0,-30.667
2007-02-21,-45.0,-12.0,-29.583
2007-02-22,-53.0,5.0,-31.952
2007-02-23,-46.0,15.0,-17.722
2007-02-24,-41.0,28.0,-12.958
2007-02-25,-29.0,31.0,-6.792
2007-02-26,-25.0,23.0,-6.958
2007-02-27,-34.0,23.0,-11.917
2007-02-28,-35.0,13.0,-16.292
2007-03-01,-40.0,11.0,-20.708
2007-03-02,-40.0,19.0,-18.542
2007-03-03,-35.0,20.0,-15.042
2007-03-04,-33.0,32.0,-7.75
2007-03-05,-26.0,33.0,-3.667
2007-03-06,-26.0,36.0,-1.792
2007-03-07,-17.0,27.0,-0.708
2007-03-08,-32.0,-8.0,-19.25
2007-03-09,-41.0,16.0,-18.417
2007-03-10,-32.0,23.0,-11.0
2007-03-11,-26.0,25.0,-6.792
2007-03-12,-25.0,29.0,-4.375
2007-03-13,-22.0,21.0,-4.625
2007-03-14,-22.0,13.0,-9.125
2007-03-15,-23.0,0.0,-14.0
2007-03-16,-33.0,20.0,-13.542
2007-03-17,-27.0,32.0,-3.5
2007-03-18,-16.0,40.0,5.292
2007-03-19,-11.0,37.0,6.958
2007-03-20,-19.0,29.0,-0.125
2007-03-21,-23.0,17.0,-8.476
2007-03-22,-25.0,16.0,-9.667
2007-03-23,-32.0,21.0,-12.042
2007-03-24,-25.0,22.0,-7.458
2007-03-25,-29.0,14.0,-12.333
2007-03-26,-33.0,-2.0,-20.762
2007-03-27,-46.0,-26.0,-36.417
2007-03-28,-49.0,-21.0,-37.833
2007-03-29,-43.0,-28.0,-36.167
2007-03-30,-47.0,-35.0,-41.333
2007-03-31,-52.0,-18.0,-37.958
2007-04-01,-49.0,-5.0,-29.0
2007-04-02,-50.0,0.0,-27.375
2007-04-03,-38.0,-5.0,-24.875
2007-04-04,-41.0,-4.0,-25.333
2007-04-05,-45.0,0.0,-28.042
2007-04-06,-47.0,2.0,-26.0
2007-04-07,-43.0,5.0,-22.708
2007-04-08,-37.0,3.0,-20.25
2007-04-09,-55.0,-19.0,-33.333
2007-04-10,-55.0,-32.0,-46.0
2007-04-11,-68.0,-30.0,-48.042
2007-04-12,-69.0,-17.0,-42.75
2007-04-13,-52.0,-14.0,-33.958
2007-04-14,-60.0,-31.0,-41.958
2007-04-15,-54.0,-13.0,-34.875
2007-04-16,-45.0,-13.0,-30.667
2007-04-17,,,
2007-04-18,,,
2007-04-19,,,
2007-04-20,,,
2007-04-21,,,
2007-04-22,,,
2007-04-23,,,
2007-04-24,,,
2007-04-25,,,
2007-04-26,,,
2007-04-27,,,
2007-04-28,,,
2007-04-29,,,
2007-04-30,,,
2007-05-01,,,
2007-05-02,,,
2007-05-03,,,
2007-05-04,,,
2007-05-05,,,
2007-05-06,,,
2007-05-07,,,
2007-05-08,,,
2007-05-09,,,
2007-05-10,,,
2007-05-11,,,
2007-05-12,,,
2007-05-13,,,
2007-05-14,,,
2007-05-15,,,
2007-05-16,,,
2007-05-17,,,
2007-05-18,,,
2007-05-19,,,
2007-05-20,,,
2007-05-21,,,
2007-05-22,,,
2007-05-23,,,
2007-05-24,,,
2007-05-25,,,
2007-05-26,,,
2007-05-27,,,
2007-05-28,,,
2007-05-29,,,
2007-05-30,,,
2007-05-31,,,
2007-06-01,,,
2007-06-02,,,
2007-06-03,,,
2007-06-04,,,
2007-06-05,,,
2007-06-06,,,
2007-06-07,,,
2007-06-08,,,
2007-06-09,,,
2007-06-10,,,
2007-06-11,,,
2007-06-12,,,
2007-06-13,,,
2007-06-14,,,
2007-06-15,,,
2007-06-16,,,
2007-06-17,,,
2007-06-18,,,
2007-06-19,,,
2007-06-20,,,
2007-06-21,,,
2007-06-22,,,
2007-06-23,,,
2007-06-24,,,
2007-06-25,,,
2007-06-26,,,
2007-06-27,,,
2007-06-28,,,
2007-06-29,,,
2007-06-30,,,
2007-07-01,,,
2007-07-02,,,
2007-07-03,,,
2007-07-04,,,
2007-07-05,,,
2007-07-06,,,
2007-07-07,,,
2007-07-08,,,
2007-07-09,,,
2007-07-10,,,
2007-07-11,,,
2007-07-12,,,
2007-07-13,,,
2007-07-14,,,
2007-07-15,,,
2007-07-16,,,
2007-07-17,,,
2007-07-18,,,
2007-07-19,,,
2007-07-20,,,
2007-07-21,,,
2007-07-22,,,
2007-07-23,,,
2007-07-24,,,
2007-07-25,,,
2007-07-26,,,
2007-07-27,,,
2007-07-28,,,
2007-07-29,,,
2007-07-30,,,
2007-07-31,,,
2007-08-01,,,
2007-08-02,,,
2007-08-03,,,
2007-08-04,,,
2007-08-05,,,
2007-08-06,,,
2007-08-07,,,
2007-08-08,,,
2007-08-09,,,
2007-08-10,,,
2007-08-11,,,
2007-08-12,,,
2007-08-13,,,
2007-08-14,,,
2007-08-15,,,
2007-08-16,,,
2007-08-17,,,
2007-08-18,,,
2007-08-19,,,
2007-08-20,,,
2007-08-21,,,
2007-08-22,,,
2007-08-23,,,
2007-08-24,,,
2007-08-25,,,
2007-08-26,,,
2007-08-27,,,
2007-08-28,,,
2007-08-29,,,
2007-08-30,,,
2007-08-31,,,
2007-09-01,,,
2007-09-02,,,
2007-09-03,,,
2007-09-04,,,
2007-09-05,,,
2007-09-06,,,
2007-09-07,,,
2007-09-08,,,
2007-09-09,,,
2007-09-10,,,
2007-09-11,,,
2007-09-12,,,
2007-09-13,,,
2007-09-14,,,
2007-09-15,,,
2007-09-16,,,
2007-09-17,,,
2007-09-18,,,
2007-09-19,,,
2007-09-20,,,
2007-09-21,,,
2007-09-22,,,
2007-09-23,,,
2007-09-24,,,
2007-09-25,,,
2007-09-26,,,
2007-09-27,,,
2007-09-28,,,
2007-09-29,,,
2007-09-30,,,
2007-10-01,,,
2007-10-02,,,
2007-10-03,,,
2007-10-04,,,
2007-10-05,,,
2007-10-06,,,
2007-10-07,,,
2007-10-08,,,
2007-10-09,,,
2007-10-10,,,
2007-10-11,,,
2007-10-12,,,
2007-10-13,,,
2007-10-14,,,
2007-10-15,,,
2007-10-16,,,
2007-10-17,,,
2007-10-18,,,
2007-10-19,,,
2007-10-20,,,
2007-10-21,,,
2007-10-22,,,
2007-10-23,,,
2007-10-24,,,
2007-10-25,,,
2007-10-26,,,
2007-10-27,,,
2007-10-28,,,
2007-10-29,,,
2007-10-30,,,
2007-10-31,,,
2007-11-01,,,
2007-11-02,,,
2007-11-03,,,
2007-11-04,,,
2007-11-05,,,
2007-11-06,,,
2007-11-07,,,
2007-11-08,,,
2007-11-09,,,
2007-11-10,,,
2007-11-11,,,
2007-11-12,,,
2007-11-13,,,
2007-11-14,,,
2007-11-15,,,
2007-11-16,,,
2007-11-17,,,
2007-11-18,,,
2007-11-19,,,
2007-11-20,,,
2007-11-21,,,
2007-11-22,,,
2007-11-23,,,
2007-11-24,,,
2007-11-25,,,
2007-11-26,,,
2007-11-27,,,
2007-11-28,,,
2007-11-29,,,
2007-11-30,,,
2007-12-01,,,
2007-12-02,,,
2007-12-03,,,
2007-12-04,,,
2007-12-05,,,
2007-12-06,,,
2007-12-07,,,
2007-12-08,,,
2007-12-09,,,
2007-12-10,,,
2007-12-11,,,
2007-12-12,,,
2007-12-13,,,
2007-12-14,,,
2007-12-15,,,
2007-12-16,,,
2007-12-17,,,
2007-12-18,,,
2007-12-19,,,
2007-12-20,,,
2007-12-21,,,
2007-12-22,,,
2007-12-23,,,
2007-12-24,,,
2007-12-25,,,
2007-12-26,,,
2007-12-27,,,
2007-12-28,,,
2007-12-29,,,
2007-12-30,,,
2007-12-31,,,
2008-01-01,,,
2008-01-02,,,
2008-01-03,,,
2008-01-04,,,
2008-01-05,,,
2008-01-06,,,
2008-01-07,,,
2008-01-08,,,
2008-01-09,,,
2008-01-10,,,
2008-01-11,,,
2008-01-12,,,
2008-01-13,,,
2008-01-14,,,
2008-01-15,,,
2008-01-16,,,
2008-01-17,,,
2008-01-18,,,
2008-01-19,,,
2008-01-20,,,
2008-01-21,,,
2008-01-22,,,
2008-01-23,,,
2008-01-24,,,
2008-01-25,,,
2008-01-26,,,
2008-01-27,,,
2008-01-28,,,
2008-01-29,,,
2008-01-30,,,
2008-01-31,,,
2008-02-01,,,
2008-02-02,,,
2008-02-03,,,
2008-02-04,,,
2008-02-05,,,
2008-02-06,,,
2008-02-07,,,
2008-02-08,,,
2008-02-09,,,
2008-02-10,,,
2008-02-11,,,
2008-02-12,,,
2008-02-13,,,
2008-02-14,,,
2008-02-15,,,
2008-02-16,,,
2008-02-17,,,
2008-02-18,,,
2008-02-19,,,
2008-02-20,,,
2008-02-21,,,
2008-02-22,,,
2008-02-23,,,
2008-02-24,,,
2008-02-25,,,
2008-02-26,,,
2008-02-27,,,
2008-02-28,,,
2008-02-29,,,
2008-03-01,,,
2008-03-02,,,
2008-03-03,,,
2008-03-04,,,
2008-03-05,,,
2008-03-06,,,
2008-03-07,,,
2008-03-08,,,
2008-03-09,,,
2008-03-10,,,
2008-03-11,,,
2008-03-12,,,
2008-03-13,,,
2008-03-14,,,
2008-03-15,,,
2008-03-16,,,
2008-03-17,,,
2008-03-18,,,
2008-03-19,,,
2008-03-20,,,
2008-03-21,,,
2008-03-22,,,
2008-03-23,,,
2008-03-24,,,
2008-03-25,,,
2008-03-26,,,
2008-03-27,,,
2008-03-28,,,
2008-03-29,,,
2008-03-30,,,
2008-03-31,,,
2008-04-01,,,
2008-04-02,,,
2008-04-03,,,
2008-04-04,,,
2008-04-05,,,
2008-04-06,,,
2008-04-07,,,
2008-04-08,,,
2008-04-09,,,
2008-04-10,,,
2008-04-11,,,
2008-04-12,,,
2008-04-13,,,
2008-04-14,,,
2008-04-15,,,
2008-04-16,,,
2008-04-17,,,
2008-04-18,,,
2008-04-19,,,
2008-04-20,,,
2008-04-21,,,
2008-04-22,,,
2008-04-23,,,
2008-04-24,,,
2008-04-25,,,
2008-04-26,,,
2008-04-27,,,
2008-04-28,,,
2008-04-29,,,
2008-04-30,,,
2008-05-01,,,
2008-05-02,,,
2008-05-03,,,
2008-05-04,,,
2008-05-05,,,
2008-05-06,,,
2008-05-07,,,
2008-05-08,,,
2008-05-09,,,
2008-05-10,,,
2008-05-11,,,
2008-05-12,,,
2008-05-13,,,
2008-05-14,,,
2008-05-15,,,
2008-05-16,,,
2008-05-17,,,
2008-05-18,,,
2008-05-19,,,
2008-05-20,,,
2008-05-21,,,
2008-05-22,,,
2008-05-23,,,
2008-05-24,,,
2008-05-25,,,
2008-05-26,,,
2008-05-27,,,
2008-05-28,,,
2008-05-29,,,
2008-05-30,,,
2008-05-31,,,
2008-06-01,,,
2008-06-02,,,
2008-06-03,,,
2008-06-04,,,
2008-06-05,,,
2008-06-06,,,
2008-06-07,,,
2008-06-08,,,
2008-06-09,,,
2008-06-10,,,
2008-06-11,,,
2008-06-12,,,
2008-06-13,,,
2008-06-14,,,
2008-06-15,,,
2008-06-16,,,
2008-06-17,,,
2008-06-18,,,
2008-06-19,,,
2008-06-20,,,
2008-06-21,,,
2008-06-22,,,
2008-06-23,,,
2008-06-24,,,
2008-06-25,,,
2008-06-26,,,
2008-06-27,,,
2008-06-28,,,
2008-06-29,,,
2008-06-30,,,
2008-07-01,,,
2008-07-02,,,
2008-07-03,,,
2008-07-04,,,
2008-07-05,,,
2008-07-06,,,
2008-07-07,,,
2008-07-08,,,
2008-07-09,,,
2008-07-10,,,
2008-07-11,,,
2008-07-12,,,
2008-07-13,,,
2008-07-14,,,
2008-07-15,,,
2008-07-16,,,
2008-07-17,,,
2008-07-18,,,
2008-07-19,,,
2008-07-20,,,
2008-07-21,,,
2008-07-22,,,
2008-07-23,,,
2008-07-24,,,
2008-07-25,,,
2008-07-26,,,
2008-07-27,,,
2008-07-28,,,
2008-07-29,,,
2008-07-30,,,
2008-07-31,,,
2008-08-01,,,
2008-08-02,,,
2008-08-03,,,
2008-08-04,,,
2008-08-05,,,
2008-08-06,,,
2008-08-07,,,
2008-08-08,,,
2008-08-09,,,
2008-08-10,,,
2008-08-11,,,
2008-08-12,,,
2008-08-13,,,
2008-08-14,,,
2008-08-15,,,
2008-08-16,,,
2008-08-17,,,
2008-08-18,,,
2008-08-19,,,
2008-08-20,,,
2008-08-21,,,
2008-08-22,,,
2008-08-23,,,
2008-08-24,,,
2008-08-25,,,
2008-08-26,,,
2008-08-27,,,
2008-08-28,,,
2008-08-29,,,
2008-08-30,,,
2008-08-31,,,
2008-09-01,,,
2008-09-02,,,
2008-09-03,,,
2008-09-04,,,
2008-09-05,,,
2008-09-06,,,
2008-09-07,,,
2008-09-08,,,
2008-09-09,,,
2008-09-10,,,
2008-09-11,,,
2008-09-12,,,
2008-09-13,,,
2008-09-14,,,
2008-09-15,,,
2008-09-16,,,
2008-09-17,,,
2008-09-18,,,
2008-09-19,,,
2008-09-20,,,
2008-09-21,,,
2008-09-22,,,
2008-09-23,,,
2008-09-24,,,
2008-09-25,,,
2008-09-26,,,
2008-09-27,,,
2008-09-28,,,
2008-09-29,,,
2008-09-30,,,
2008-10-01,,,
2008-10-02,,,
2008-10-03,,,
2008-10-04,,,
2008-10-05,,,
2008-10-06,,,
2008-10-07,,,
2008-10-08,,,
2008-10-09,,,
2008-10-10,,,
2008-10-11,,,
2008-10-12,,,
2008-10-13,,,
2008-10-14,,,
2008-10-15,,,
2008-10-16,,,
2008-10-17,,,
2008-10-18,,,
2008-10-19,,,
2008-10-20,,,
2008-10-21,,,
2008-10-22,,,
2008-10-23,,,
2008-10-24,,,
2008-10-25,,,
2008-10-26,,,
2008-10-27,,,
2008-10-28,,,
2008-10-29,,,
2008-10-30,,,
2008-10-31,,,
2008-11-01,,,
2008-11-02,,,
2008-11-03,,,
2008-11-04,,,
2008-11-05,,,
2008-11-06,,,
2008-11-07,,,
2008-11-08,,,
2008-11-09,,,
2008-11-10,,,
2008-11-11,,,
2008-11-12,,,
2008-11-13,,,
2008-11-14,,,
2008-11-15,,,
2008-11-16,,,
2008-11-17,,,
2008-11-18,,,
2008-11-19,,,
2008-11-20,,,
2008-11-21,,,
2008-11-22,,,
2008-11-23,,,
2008-11-24,,,
2008-11-25,,,
2008-11-26,,,
2008-11-27,,,
2008-11-28,,,
2008-11-29,,,
2008-11-30,,,
2008-12-01,,,
2008-12-02,,,
2008-12-03,,,
2008-12-04,,,
2008-12-05,,,
2008-12-06,,,
2008-12-07,,,
2008-12-08,,,
2008-12-09,,,
2008-12-10,,,
2008-12-11,,,
2008-12-12,,,
2008-12-13,,,
2008-12-14,,,
2008-12-15,,,
2008-12-16,,,
2008-12-17,,,
2008-12-18,,,
2008-12-19,,,
2008-12-20,,,
2008-12-21,,,
2008-12-22,,,
2008-12-23,,,
2008-12-24,,,
2008-12-25,,,
2008-12-26,,,
2008-12-27,,,
2008-12-28,,,
2008-12-29,,,
2008-12-30,,,
2008-12-31,,,
2009-01-01,,,
2009-01-02,,,
2009-01-03,,,
2009-01-04,,,
2009-01-05,,,
2009-01-06,,,
2009-01-07,,,
2009-01-08,,,
2009-01-09,,,
2009-01-10,,,
2009-01-11,,,
2009-01-12,,,
2009-01-13,,,
2009-01-14,,,
2009-01-15,,,
2009-01-16,,,
2009-01-17,,,
2009-01-18,,,
2009-01-19,,,
2009-01-20,,,
2009-01-21,,,
2009-01-22,,,
2009-01-23,,,
2009-01-24,,,
2009-01-25,,,
2009-01-26,,,
2009-01-27,,,
2009-01-28,,,
2009-01-29,,,
2009-01-30,,,
2009-01-31,,,
2009-02-01,,,
2009-02-02,,,
2009-02-03,,,
2009-02-04,,,
2009-02-05,,,
2009-02-06,,,
2009-02-07,,,
2009-02-08,,,
2009-02-09,,,
2009-02-10,,,
2009-02-11,,,
2009-02-12,,,
2009-02-13,,,
2009-02-14,,,
2009-02-15,,,
2009-02-16,,,
2009-02-17,,,
2009-02-18,,,
2009-02-19,,,
2009-02-20,,,
2009-02-21,,,
2009-02-22,,,
2009-02-23,,,
2009-02-24,,,
2009-02-25,,,
2009-02-26,,,
2009-02-27,,,
2009-02-28,,,
2009-03-01,,,
2009-03-02,,,
2009-03-03,,,
2009-03-04,,,
2009-03-05,,,
2009-03-06,,,
2009-03-07,,,
2009-03-08,,,
2009-03-09,,,
2009-03-10,,,
2009-03-11,,,
2009-03-12,,,
2009-03-13,,,
2009-03-14,,,
2009-03-15,,,
2009-03-16,,,
2009-03-17,,,
2009-03-18,,,
2009-03-19,,,
2009-03-20,,,
2009-03-21,,,
2009-03-22,,,
2009-03-23,,,
2009-03-24,,,
2009-03-25,,,
2009-03-26,,,
2009-03-27,,,
2009-03-28,,,
2009-03-29,,,
2009-03-30,,,
2009-03-31,,,
2009-04-01,,,
2009-04-02,,,
2009-04-03,,,
2009-04-04,,,
2009-04-05,,,
2009-04-06,,,
2009-04-07,,,
2009-04-08,,,
2009-04-09,,,
2009-04-10,,,
2009-04-11,,,
2009-04-12,,,
2009-04-13,,,
2009-04-14,,,
2009-04-15,,,
2009-04-16,,,
2009-04-17,,,
2009-04-18,,,
2009-04-19,,,
2009-04-20,,,
2009-04-21,,,
2009-04-22,,,
2009-04-23,,,
2009-04-24,,,
2009-04-25,,,
2009-04-26,,,
2009-04-27,,,
2009-04-28,,,
2009-04-29,,,
2009-04-30,,,
2009-05-01,,,
2009-05-02,,,
2009-05-03,,,
2009-05-04,,,
2009-05-05,,,
2009-05-06,,,
2009-05-07,,,
2009-05-08,,,
2009-05-09,,,
2009-05-10,,,
2009-05-11,,,
2009-05-12,,,
2009-05-13,,,
2009-05-14,,,
2009-05-15,,,
2009-05-16,,,
2009-05-17,,,
2009-05-18,,,
2009-05-19,,,
2009-05-20,,,
2009-05-21,,,
2009-05-22,,,
2009-05-23,,,
2009-05-24,,,
2009-05-25,,,
2009-05-26,,,
2009-05-27,,,
2009-05-28,,,
2009-05-29,,,
2009-05-30,,,
2009-05-31,,,
2009-06-01,,,
2009-06-02,,,
2009-06-03,,,
2009-06-04,,,
2009-06-05,,,
2009-06-06,,,
2009-06-07,,,
2009-06-08,,,
2009-06-09,,,
2009-06-10,,,
2009-06-11,,,
2009-06-12,,,
2009-06-13,,,
2009-06-14,,,
2009-06-15,,,
2009-06-16,,,
2009-06-17,,,
2009-06-18,,,
2009-06-19,,,
2009-06-20,,,
2009-06-21,,,
2009-06-22,,,
2009-06-23,,,
2009-06-24,,,
2009-06-25,,,
2009-06-26,,,
2009-06-27,,,
2009-06-28,,,
2009-06-29,,,
2009-06-30,,,
2009-07-01,,,
2009-07-02,,,
2009-07-03,,,
2009-07-04,,,
2009-07-05,,,
2009-07-06,,,
2009-07-07,,,
2009-07-08,,,
2009-07-09,,,
2009-07-10,,,
2009-07-11,,,
2009-07-12,,,
2009-07-13,,,
2009-07-14,,,
2009-07-15,,,
2009-07-16,,,
2009-07-17,,,
2009-07-18,,,
2009-07-19,,,
2009-07-20,,,
2009-07-21,,,
2009-07-22,,,
2009-07-23,,,
2009-07-24,,,
2009-07-25,,,
2009-07-26,,,
2009-07-27,,,
2009-07-28,,,
2009-07-29,,,
2009-07-30,,,
2009-07-31,,,
2009-08-01,,,
2009-08-02,,,
2009-08-03,,,
2009-08-04,,,
2009-08-05,,,
2009-08-06,,,
2009-08-07,,,
2009-08-08,,,
2009-08-09,,,
2009-08-10,,,
2009-08-11,,,
2009-08-12,,,
2009-08-13,,,
2009-08-14,,,
2009-08-15,,,
2009-08-16,,,
2009-08-17,,,
2009-08-18,,,
2009-08-19,,,
2009-08-20,,,
2009-08-21,,,
2009-08-22,,,
2009-08-23,,,
2009-08-24,,,
2009-08-25,,,
2009-08-26,,,
2009-08-27,,,
2009-08-28,,,
2009-08-29,,,
2009-08-30,,,
2009-08-31,,,
2009-09-01,,,
2009-09-02,,,
2009-09-03,,,
2009-09-04,,,
2009-09-05,,,
2009-09-06,,,
2009-09-07,,,
2009-09-08,,,
2009-09-09,,,
2009-09-10,,,
2009-09-11,,,
2009-09-12,,,
2009-09-13,,,
2009-09-14,,,
2009-09-15,,,
2009-09-16,,,
2009-09-17,,,
2009-09-18,,,
2009-09-19,,,
2009-09-20,,,
2009-09-21,,,
2009-09-22,,,
2009-09-23,,,
2009-09-24,,,
2009-09-25,,,
2009-09-26,,,
2009-09-27,,,
2009-09-28,,,
2009-09-29,,,
2009-09-30,,,
2009-10-01,,,
2009-10-02,,,
2009-10-03,,,
2009-10-04,,,
2009-10-05,,,
2009-10-06,,,
2009-10-07,,,
2009-10-08,,,
2009-10-09,,,
2009-10-10,,,
2009-10-11,,,
2009-10-12,,,
2009-10-13,,,
2009-10-14,,,
2009-10-15,,,
2009-10-16,,,
2009-10-17,,,
2009-10-18,,,
2009-10-19,,,
2009-10-20,,,
2009-10-21,,,
2009-10-22,,,
2009-10-23,,,
2009-10-24,,,
2009-10-25,,,
2009-10-26,,,
2009-10-27,,,
2009-10-28,,,
2009-10-29,,,
2009-10-30,,,
2009-10-31,,,
2009-11-01,,,
2009-11-02,,,
2009-11-03,,,
2009-11-04,,,
2009-11-05,,,
2009-11-06,,,
2009-11-07,,,
2009-11-08,,,
2009-11-09,,,
2009-11-10,,,
2009-11-11,,,
2009-11-12,,,
2009-11-13,,,
2009-11-14,,,
2009-11-15,,,
2009-11-16,,,
2009-11-17,,,
2009-11-18,,,
2009-11-19,,,
2009-11-20,,,
2009-11-21,,,
2009-11-22,,,
2009-11-23,,,
2009-11-24,,,
2009-11-25,,,
2009-11-26,,,
2009-11-27,,,
2009-11-28,,,
2009-11-29,,,
2009-11-30,,,
2009-12-01,,,
2009-12-02,,,
2009-12-03,,,
2009-12-04,,,
2009-12-05,,,
2009-12-06,,,
2009-12-07,,,
2009-12-08,,,
2009-12-09,,,
2009-12-10,,,
2009-12-11,,,
2009-12-12,,,
2009-12-13,,,
2009-12-14,,,
2009-12-15,,,
2009-12-16,,,
2009-12-17,,,
2009-12-18,,,
2009-12-19,,,
2009-12-20,,,
2009-12-21,,,
2009-12-22,,,
2009-12-23,,,
2009-12-24,,,
2009-12-25,,,
2009-12-26,,,
2009-12-27,,,
2009-12-28,,,
2009-12-29,,,
2009-12-30,,,
2009-12-31,,,
2010-01-01,,,
2010-01-02,,,
2010-01-03,,,
2010-01-04,-454.0,-392.0,-429.0
2010-01-05,-453.0,-400.0,-430.708
2010-01-06,-453.0,-396.0,-429.292
2010-01-07,-453.0,-398.0,-430.167
2010-01-08,-456.0,-397.0,-431.667
2010-01-09,-456.0,-395.0,-430.625
2010-01-10,-455.0,-393.0,-429.417
2010-01-11,-474.0,-415.0,-441.625
2010-01-12,-490.0,-420.0,-462.208
2010-01-13,-472.0,-407.0,-445.083
2010-01-14,-457.0,-389.0,-430.792
2010-01-15,-447.0,-385.0,-423.375
2010-01-16,-447.0,-390.0,-425.375
2010-01-17,-451.0,-395.0,-427.875
2010-01-18,-447.0,-411.0,-434.083
2010-01-19,-450.0,-402.0,-430.167
2010-01-20,-451.0,-378.0,-421.667
2010-01-21,-438.0,-372.0,-412.5
2010-01-22,-436.0,-374.0,-411.625
2010-01-23,-436.0,-367.0,-409.667
2010-01-24,-451.0,-388.0,-423.292
2010-01-25,-465.0,-391.0,-437.875
2010-01-26,-449.0,-388.0,-424.208
2010-01-27,-449.0,-377.0,-420.167
2010-01-28,-445.0,-383.0,-421.125
2010-01-29,-453.0,-395.0,-429.417
2010-01-30,-452.0,-395.0,-429.583
2010-01-31,-457.0,-391.0,-430.667
2010-02-01,-454.0,-388.0,-427.0
2010-02-02,-453.0,-403.0,-431.958
2010-02-03,-460.0,-417.0,-442.667
2010-02-04,-457.0,-411.0,-437.042
2010-02-05,-461.0,-409.0,-438.583
2010-02-06,-460.0,-417.0,-441.917
2010-02-07,-474.0,-450.0,-462.083
2010-02-08,-485.0,-413.0,-453.542
2010-02-09,-464.0,-407.0,-440.833
2010-02-10,-461.0,-398.0,-435.625
2010-02-11,-458.0,-396.0,-433.5
2010-02-12,-452.0,-396.0,-429.875
2010-02-13,-456.0,-396.0,-432.125
2010-02-14,-454.0,-397.0,-432.417
2010-02-15,-455.0,-408.0,-435.375
2010-02-16,-460.0,-407.0,-438.5
2010-02-17,-456.0,-437.0,-447.417
2010-02-18,-576.0,-419.0,-462.895
2010-02-19,,,
2010-02-20,,,
2010-02-21,,,
2010-02-22,,,
2010-02-23,,,
2010-02-24,,,
2010-02-25,,,
2010-02-26,,,
2010-02-27,,,
2010-02-28,,,
2010-03-01,,,
2010-03-02,,,
2010-03-03,,,
2010-03-04,,,
2010-03-05,,,
2010-03-06,,,
2010-03-07,,,
2010-03-08,,,
2010-03-09,,,
2010-03-10,,,
2010-03-11,,,
2010-03-12,,,
2010-03-13,,,
2010-03-14,,,
2010-03-15,,,
2010-03-16,,,
2010-03-17,,,
2010-03-18,,,
2010-03-19,,,
2010-03-20,,,
2010-03-21,,,
2010-03-22,,,
2010-03-23,,,
2010-03-24,,,
2010-03-25,,,
2010-03-26,,,
2010-03-27,,,
2010-03-28,,,
2010-03-29,,,
2010-03-30,,,
2010-03-31,,,
2010-04-01,,,
2010-04-02,,,
2010-04-03,,,
2010-04-04,,,
2010-04-05,,,
2010-04-06,,,
2010-04-07,,,
2010-04-08,,,
2010-04-09,,,
2010-04-10,,,
2010-04-11,,,
2010-04-12,,,
2010-04-13,,,
2010-04-14,,,
2010-04-15,,,
2010-04-16,,,
2010-04-17,,,
2010-04-18,,,
2010-04-19,,,
2010-04-20,,,
2010-04-21,,,
2010-04-22,,,
2010-04-23,,,
2010-04-24,,,
2010-04-25,,,
2010-04-26,,,
2010-04-27,,,
2010-04-28,,,
2010-04-29,,,
2010-04-30,,,
2010-05-01,,,
2010-05-02,,,
2010-05-03,,,
2010-05-04,,,
2010-05-05,,,
2010-05-06,,,
2010-05-07,,,
2010-05-08,,,
2010-05-09,,,
2010-05-10,,,
2010-05-11,,,
2010-05-12,,,
2010-05-13,,,
2010-05-14,,,
2010-05-15,,,
2010-05-16,,,
2010-05-17,,,
2010-05-18,,,
2010-05-19,,,
2010-05-20,,,
2010-05-21,,,
2010-05-22,,,
2010-05-23,,,
2010-05-24,,,
2010-05-25,,,
2010-05-26,,,
2010-05-27,,,
2010-05-28,,,
2010-05-29,,,
2010-05-30,,,
2010-05-31,,,
2010-06-01,,,
2010-06-02,,,
2010-06-03,,,
2010-06-04,,,
2010-06-05,,,
2010-06-06,,,
2010-06-07,,,
2010-06-08,61.0,238.0,93.75
2010-06-09,61.0,61.0,61.0
2010-06-10,61.0,613.0,118.042
2010-06-11,-699.0,61.0,-508.417
2010-06-12,-700.0,-698.0,-698.917
2010-06-13,-700.0,-698.0,-699.083
2010-06-14,-713.0,-695.0,-702.333
2010-06-15,-719.0,-715.0,-717.375
2010-06-16,-719.0,-718.0,-718.917
2010-06-17,-724.0,-719.0,-720.75
2010-06-18,-724.0,-720.0,-721.083
2010-06-19,-724.0,-721.0,-721.625
2010-06-20,-725.0,-721.0,-723.375
2010-06-21,-725.0,-724.0,-724.167
2010-06-22,-724.0,-722.0,-723.542
2010-06-23,-724.0,-721.0,-722.208
2010-06-24,-726.0,-722.0,-723.625
2010-06-25,-723.0,-722.0,-722.125
2010-06-26,-722.0,-721.0,-721.958
2010-06-27,-722.0,-721.0,-721.917
2010-06-28,-725.0,-721.0,-722.292
2010-06-29,-722.0,-721.0,-721.292
2010-06-30,-722.0,-721.0,-721.458
2010-07-01,,,
2010-07-02,,,
2010-07-03,,,
2010-07-04,,,
2010-07-05,,,
2010-07-06,,,
2010-07-07,,,
2010-07-08,,,
2010-07-09,,,
2010-07-10,,,
2010-07-11,,,
2010-07-12,,,
2010-07-13,,,
2010-07-14,,,
2010-07-15,,,
2010-07-16,,,
2010-07-17,,,
2010-07-18,,,
2010-07-19,,,
2010-07-20,,,
2010-07-21,,,
2010-07-22,,,
2010-07-23,,,
2010-07-24,,,
2010-07-25,,,
2010-07-26,,,
2010-07-27,,,
2010-07-28,,,
2010-07-29,,,
2010-07-30,,,
2010-07-31,,,
2010-08-01,,,
2010-08-02,,,
2010-08-03,,,
2010-08-04,,,
2010-08-05,,,
2010-08-06,,,
2010-08-07,,,
2010-08-08,,,
2010-08-09,,,
2010-08-10,,,
2010-08-11,,,
2010-08-12,,,
2010-08-13,,,
2010-08-14,,,
2010-08-15,,,
2010-08-16,,,
2010-08-17,,,
2010-08-18,,,
2010-08-19,,,
2010-08-20,,,
2010-08-21,,,
2010-08-22,,,
2010-08-23,,,
2010-08-24,,,
2010-08-25,,,
2010-08-26,,,
2010-08-27,,,
2010-08-28,,,
2010-08-29,,,
2010-08-30,,,
2010-08-31,,,
2010-09-01,,,
2010-09-02,,,
2010-09-03,,,
2010-09-04,,,
2010-09-05,,,
2010-09-06,,,
2010-09-07,,,
2010-09-08,,,
2010-09-09,,,
2010-09-10,,,
2010-09-11,,,
2010-09-12,,,
2010-09-13,,,
2010-09-14,,,
2010-09-15,,,
2010-09-16,,,
2010-09-17,,,
2010-09-18,,,
2010-09-19,,,
2010-09-20,,,
2010-09-21,,,
2010-09-22,,,
2010-09-23,,,
2010-09-24,,,
2010-09-25,,,
2010-09-26,,,
2010-09-27,,,
2010-09-28,,,
2010-09-29,,,
2010-09-30,,,
2010-10-01,,,
2010-10-02,,,
2010-10-03,,,
2010-10-04,,,
2010-10-05,,,
2010-10-06,,,
2010-10-07,,,
2010-10-08,,,
2010-10-09,,,
2010-10-10,,,
2010-10-11,,,
2010-10-12,,,
2010-10-13,,,
2010-10-14,,,
2010-10-15,,,
2010-10-16,,,
2010-10-17,,,
2010-10-18,,,
2010-10-19,,,
2010-10-20,,,
2010-10-21,,,
2010-10-22,,,
2010-10-23,,,
2010-10-24,,,
2010-10-25,,,
2010-10-26,,,
2010-10-27,,,
2010-10-28,,,
2010-10-29,,,
2010-10-30,,,
2010-10-31,,,
2010-11-01,,,
2010-11-02,,,
2010-11-03,,,
2010-11-04,,,
2010-11-05,,,
2010-11-06,,,
2010-11-07,,,
2010-11-08,,,
2010-11-09,,,
2010-11-10,,,
2010-11-11,,,
2010-11-12,,,
2010-11-13,,,
2010-11-14,,,
2010-11-15,,,
2010-11-16,,,
2010-11-17,,,
2010-11-18,,,
2010-11-19,,,
2010-11-20,,,
2010-11-21,,,
2010-11-22,,,
2010-11-23,,,
2010-11-24,,,
2010-11-25,,,
2010-11-26,,,
2010-11-27,,,
2010-11-28,,,
2010-11-29,,,
2010-11-30,,,
2010-12-01,,,
2010-12-02,,,
2010-12-03,,,
2010-12-04,,,
2010-12-05,,,
2010-12-06,,,
2010-12-07,,,
2010-12-08,,,
2010-12-09,,,
2010-12-10,,,
2010-12-11,,,
2010-12-12,,,
2010-12-13,,,
2010-12-14,,,
2010-12-15,,,
2010-12-16,,,
2010-12-17,,,
2010-12-18,,,
2010-12-19,,,
2010-12-20,,,
2010-12-21,,,
2010-12-22,,,
2010-12-23,,,
2010-12-24,,,
2010-12-25,,,
2010-12-26,,,
2010-12-27,,,
2010-12-28,,,
2010-12-29,,,
2010-12-30,,,
2010-12-31,,,
2011-01-01,,,
2011-01-02,,,
2011-01-03,,,
2011-01-04,,,
2011-01-05,,,
2011-01-06,,,
2011-01-07,,,
2011-01-08,,,
2011-01-09,,,
2011-01-10,,,
2011-01-11,,,
2011-01-12,,,
2011-01-13,,,
2011-01-14,,,
2011-01-15,,,
2011-01-16,,,
2011-01-17,,,
2011-01-18,,,
2011-01-19,,,
2011-01-20,,,
2011-01-21,,,
2011-01-22,,,
2011-01-23,,,
2011-01-24,,,
2011-01-25,,,
2011-01-26,,,
2011-01-27,,,
2011-01-28,,,
2011-01-29,,,
2011-01-30,,,
2011-01-31,,,
2011-02-01,,,
2011-02-02,,,
2011-02-03,,,
2011-02-04,,,
2011-02-05,,,
2011-02-06,,,
2011-02-07,,,
2011-02-08,,,
2011-02-09,,,
2011-02-10,,,
2011-02-11,,,
2011-02-12,,,
2011-02-13,,,
2011-02-14,,,
2011-02-15,,,
2011-02-16,,,
2011-02-17,,,
2011-02-18,,,
2011-02-19,,,
2011-02-20,,,
2011-02-21,,,
2011-02-22,,,
2011-02-23,,,
2011-02-24,,,
2011-02-25,,,
2011-02-26,,,
2011-02-27,,,
2011-02-28,,,
2011-03-01,,,
2011-03-02,,,
2011-03-03,,,
2011-03-04,,,
2011-03-05,,,
2011-03-06,,,
2011-03-07,,,
2011-03-08,,,
2011-03-09,,,
2011-03-10,,,
2011-03-11,,,
2011-03-12,,,
2011-03-13,,,
2011-03-14,,,
2011-03-15,,,
2011-03-16,,,
2011-03-17,,,
2011-03-18,,,
2011-03-19,,,
2011-03-20,,,
2011-03-21,,,
2011-03-22,,,
2011-03-23,,,
2011-03-24,,,
2011-03-25,,,
2011-03-26,,,
2011-03-27,,,
2011-03-28,,,
2011-03-29,,,
2011-03-30,,,
2011-03-31,,,
2011-04-01,,,
2011-04-02,,,
2011-04-03,,,
2011-04-04,,,
2011-04-05,,,
2011-04-06,,,
2011-04-07,,,
2011-04-08,,,
2011-04-09,,,
2011-04-10,,,
2011-04-11,,,
2011-04-12,,,
2011-04-13,,,
2011-04-14,,,
2011-04-15,,,
2011-04-16,,,
2011-04-17,,,
2011-04-18,,,
2011-04-19,,,
2011-04-20,,,
2011-04-21,,,
2011-04-22,,,
2011-04-23,,,
2011-04-24,,,
2011-04-25,,,
2011-04-26,,,
2011-04-27,,,
2011-04-28,,,
2011-04-29,,,
2011-04-30,,,
2011-05-01,,,
2011-05-02,,,
2011-05-03,,,
2011-05-04,,,
2011-05-05,,,
2011-05-06,,,
2011-05-07,,,
2011-05-08,,,
2011-05-09,,,
2011-05-10,,,
2011-05-11,,,
2011-05-12,,,
2011-05-13,,,
2011-05-14,,,
2011-05-15,,,
2011-05-16,,,
2011-05-17,,,
2011-05-18,,,
2011-05-19,,,
2011-05-20,,,
2011-05-21,,,
2011-05-22,,,
2011-05-23,,,
2011-05-24,,,
2011-05-25,,,
2011-05-26,,,
2011-05-27,,,
2011-05-28,,,
2011-05-29,,,
2011-05-30,,,
2011-05-31,,,
2011-06-01,,,
2011-06-02,,,
2011-06-03,,,
2011-06-04,,,
2011-06-05,,,
2011-06-06,,,
2011-06-07,,,
2011-06-08,,,
2011-06-09,,,
2011-06-10,,,
2011-06-11,,,
2011-06-12,,,
2011-06-13,,,
2011-06-14,,,
2011-06-15,,,
2011-06-16,,,
2011-06-17,,,
2011-06-18,,,
2011-06-19,,,
2011-06-20,,,
2011-06-21,,,
2011-06-22,,,
2011-06-23,,,
2011-06-24,,,
2011-06-25,,,
2011-06-26,,,
2011-06-27,,,
2011-06-28,,,
2011-06-29,,,
2011-06-30,,,
2011-07-01,,,
2011-07-02,,,
2011-07-03,,,
2011-07-04,,,
2011-07-05,,,
2011-07-06,,,
2011-07-07,,,
2011-07-08,,,
2011-07-09,,,
2011-07-10,,,
2011-07-11,,,
2011-07-12,,,
2011-07-13,,,
2011-07-14,,,
2011-07-15,,,
2011-07-16,,,
2011-07-17,,,
2011-07-18,,,
2011-07-19,,,
2011-07-20,,,
2011-07-21,,,
2011-07-22,,,
2011-07-23,,,
2011-07-24,,,
2011-07-25,,,
2011-07-26,,,
2011-07-27,,,
2011-07-28,,,
2011-07-29,,,
2011-07-30,,,
2011-07-31,,,
2011-08-01,,,
2011-08-02,,,
2011-08-03,,,
2011-08-04,,,
2011-08-05,,,
2011-08-06,,,
2011-08-07,,,
2011-08-08,,,
2011-08-09,,,
2011-08-10,,,
2011-08-11,,,
2011-08-12,,,
2011-08-13,,,
2011-08-14,,,
2011-08-15,,,
2011-08-16,,,
2011-08-17,,,
2011-08-18,,,
2011-08-19,,,
2011-08-20,,,
2011-08-21,,,
2011-08-22,,,
2011-08-23,,,
2011-08-24,,,
2011-08-25,,,
2011-08-26,,,
2011-08-27,,,
2011-08-28,,,
2011-08-29,,,
2011-08-30,,,
2011-08-31,,,
2011-09-01,,,
2011-09-02,,,
2011-09-03,,,
2011-09-04,,,
2011-09-05,,,
2011-09-06,,,
2011-09-07,,,
2011-09-08,,,
2011-09-09,,,
2011-09-10,,,
2011-09-11,,,
2011-09-12,,,
2011-09-13,,,
2011-09-14,,,
2011-09-15,,,
2011-09-16,,,
2011-09-17,,,
2011-09-18,,,
2011-09-19,,,
2011-09-20,,,
2011-09-21,,,
2011-09-22,,,
2011-09-23,,,
2011-09-24,,,
2011-09-25,,,
2011-09-26,,,
2011-09-27,,,
2011-09-28,,,
2011-09-29,,,
2011-09-30,,,
2011-10-01,,,
2011-10-02,,,
2011-10-03,,,
2011-10-04,,,
2011-10-05,,,
2011-10-06,,,
2011-10-07,,,
2011-10-08,,,
2011-10-09,,,
2011-10-10,,,
2011-10-11,,,
2011-10-12,,,
2011-10-13,,,
2011-10-14,,,
2011-10-15,,,
2011-10-16,,,
2011-10-17,,,
2011-10-18,,,
2011-10-19,,,
2011-10-20,,,
2011-10-21,,,
2011-10-22,,,
2011-10-23,,,
2011-10-24,,,
2011-10-25,,,
2011-10-26,,,
2011-10-27,,,
2011-10-28,-1.0,12.0,3.958
2011-10-29,-1.0,13.0,5.208
2011-10-30,1.0,15.0,6.792
2011-10-31,2.0,18.0,7.917
2011-11-01,2.0,17.0,7.667
2011-11-02,0.0,18.0,7.75
2011-11-03,2.0,19.0,8.458
2011-11-04,1.0,19.0,8.417
2011-11-05,1.0,21.0,9.917
2011-11-06,5.0,20.0,11.125
2011-11-07,4.0,18.0,9.792
2011-11-08,0.0,9.0,5.714
2011-11-09,13.0,43.0,30.125
2011-11-10,-10.0,40.0,14.542
2011-11-11,-1.0,15.0,5.333
2011-11-12,2.0,18.0,8.792
2011-11-13,5.0,18.0,8.125
2011-11-14,2.0,18.0,9.333
2011-11-15,4.0,23.0,12.083
2011-11-16,5.0,23.0,12.208
2011-11-17,5.0,21.0,11.417
2011-11-18,3.0,19.0,9.792
2011-11-19,2.0,5.0,3.167
2011-11-20,3.0,17.0,9.667
2011-11-21,0.0,17.0,8.417
2011-11-22,3.0,23.0,11.542
2011-11-23,4.0,23.0,10.917
2011-11-24,2.0,24.0,11.375
2011-11-25,3.0,26.0,13.208
2011-11-26,6.0,28.0,14.75
2011-11-27,6.0,23.0,13.542
2011-11-28,3.0,26.0,13.333
2011-11-29,5.0,27.0,14.625
2011-11-30,4.0,28.0,14.5
2011-12-01,6.0,30.0,15.75
2011-12-02,5.0,25.0,13.792
2011-12-03,4.0,24.0,12.25
2011-12-04,3.0,27.0,13.5
2011-12-05,5.0,30.0,16.0
2011-12-06,6.0,31.0,14.0
2011-12-07,1.0,21.0,7.875
2011-12-08,2.0,20.0,9.792
2011-12-09,5.0,27.0,14.292
2011-12-10,6.0,26.0,14.667
2011-12-11,4.0,25.0,14.042
2011-12-12,5.0,30.0,15.625
2011-12-13,8.0,33.0,18.208
2011-12-14,10.0,34.0,19.667
2011-12-15,10.0,32.0,17.125
2011-12-16,7.0,28.0,14.417
2011-12-17,3.0,22.0,10.542
2011-12-18,6.0,28.0,15.125
2011-12-19,6.0,28.0,15.417
2011-12-20,6.0,27.0,15.042
2011-12-21,6.0,26.0,14.375
2011-12-22,5.0,27.0,14.333
2011-12-23,5.0,28.0,14.292
2011-12-24,5.0,28.0,14.75
2011-12-25,8.0,32.0,17.958
2011-12-26,9.0,36.0,20.208
2011-12-27,13.0,36.0,22.417
2011-12-28,13.0,37.0,21.917
2011-12-29,12.0,36.0,21.708
2011-12-30,10.0,36.0,21.0
2011-12-31,12.0,36.0,22.25
2012-01-01,13.0,38.0,23.333
2012-01-02,14.0,37.0,23.792
2012-01-03,12.0,37.0,22.75
2012-01-04,6.0,30.0,15.167
2012-01-05,3.0,18.0,8.917
2012-01-06,6.0,18.0,10.208
2012-01-07,5.0,27.0,13.042
2012-01-08,8.0,26.0,14.458
2012-01-09,8.0,22.0,12.208
2012-01-10,4.0,26.0,12.0
2012-01-11,4.0,29.0,13.833
2012-01-12,7.0,34.0,17.75
2012-01-13,11.0,35.0,20.625
2012-01-14,12.0,30.0,18.208
2012-01-15,10.0,32.0,18.708
2012-01-16,9.0,31.0,18.292
2012-01-17,8.0,30.0,17.125
2012-01-18,7.0,33.0,17.5
2012-01-19,8.0,33.0,18.042
2012-01-20,8.0,30.0,17.375
2012-01-21,6.0,29.0,16.125
2012-01-22,7.0,29.0,15.625
2012-01-23,7.0,24.0,13.417
2012-01-24,4.0,29.0,14.333
2012-01-25,7.0,31.0,16.75
2012-01-26,6.0,32.0,17.25
2012-01-27,7.0,32.0,17.708
2012-01-28,7.0,29.0,16.0
2012-01-29,6.0,27.0,14.667
2012-01-30,6.0,25.0,13.75
2012-01-31,5.0,26.0,13.667
2012-02-01,6.0,30.0,16.042
2012-02-02,7.0,31.0,15.952
2012-02-03,7.0,30.0,16.458
2012-02-04,5.0,31.0,16.167
2012-02-05,6.0,31.0,17.042
2012-02-06,6.0,31.0,15.333
2012-02-07,7.0,29.0,15.19
2012-02-08,5.0,30.0,15.917
2012-02-09,6.0,32.0,17.5
2012-02-10,9.0,34.0,19.542
2012-02-11,10.0,34.0,20.417
2012-02-12,10.0,30.0,18.167
2012-02-13,10.0,30.0,18.083
2012-02-14,9.0,27.0,16.5
2012-02-15,9.0,27.0,16.042
2012-02-16,8.0,28.0,16.375
2012-02-17,7.0,26.0,14.958
2012-02-18,5.0,18.0,10.167
2012-02-19,1.0,23.0,9.25
2012-02-20,4.0,23.0,11.833
2012-02-21,5.0,25.0,13.0
2012-02-22,5.0,26.0,13.542
2012-02-23,6.0,26.0,14.208
2012-02-24,6.0,22.0,12.5
2012-02-25,0.0,9.0,4.417
2012-02-26,-1.0,18.0,5.542
2012-02-27,2.0,9.0,5.333
2012-02-28,-1.0,11.0,3.042
2012-02-29,0.0,12.0,3.667
2012-03-01,-2.0,19.0,5.583
2012-03-02,3.0,21.0,9.667
2012-03-03,4.0,22.0,11.292
2012-03-04,4.0,23.0,11.958
2012-03-05,6.0,21.0,11.167
2012-03-06,5.0,23.0,11.708
2012-03-07,5.0,25.0,12.708
2012-03-08,8.0,29.0,15.833
2012-03-09,7.0,26.0,14.75
2012-03-10,8.0,28.0,15.125
2012-03-11,7.0,23.0,13.292
2012-03-12,4.0,22.0,11.042
2012-03-13,4.0,24.0,11.625
2012-03-14,6.0,26.0,14.083
2012-03-15,7.0,29.0,15.833
2012-03-16,9.0,25.0,13.8
2012-03-17,7.0,13.0,9.417
2012-03-18,,,
2012-03-19,4.0,21.0,12.111
2012-03-20,3.0,21.0,11.444
2012-03-21,3.0,21.0,10.952
2012-03-22,2.0,17.0,7.389
2012-03-23,3.0,23.0,11.125
2012-03-24,2.0,21.0,9.875
2012-03-25,1.0,20.0,8.917
2012-03-26,1.0,15.0,5.067
2012-03-27,3.0,23.0,9.958
2012-03-28,4.0,22.0,10.81
2012-03-29,4.0,24.0,11.583
2012-03-30,7.0,25.0,14.048
2012-03-31,6.0,24.0,14.0
2012-04-01,4.0,23.0,12.286
2012-04-02,6.0,23.0,12.125
2012-04-03,5.0,22.0,11.733
2012-04-04,6.0,17.0,12.444
2012-04-05,0.0,16.0,6.267
2012-04-06,5.0,19.0,10.286
2012-04-07,1.0,17.0,7.833
2012-04-08,3.0,16.0,8.167
2012-04-09,-1.0,6.0,4.042
2012-04-10,-5.0,8.0,-0.292
2012-04-11,-3.0,14.0,3.375
2012-04-12,1.0,14.0,5.417
2012-04-13,2.0,10.0,4.25
2012-04-14,0.0,14.0,4.667
2012-04-15,2.0,10.0,5.167
2012-04-16,-1.0,12.0,2.75
2012-04-17,-2.0,12.0,3.458
2012-04-18,0.0,14.0,4.292
2012-04-19,-1.0,14.0,4.125
2012-04-20,1.0,14.0,5.042
2012-04-21,1.0,15.0,6.167
2012-04-22,1.0,15.0,5.667
2012-04-23,2.0,14.0,5.75
2012-04-24,0.0,14.0,5.125
2012-04-25,0.0,11.0,3.875
2012-04-26,-4.0,3.0,0.375
2012-04-27,-6.0,4.0,-0.25
2012-04-28,-7.0,3.0,-0.792
2012-04-29,-29.0,2.0,-10.917
2012-04-30,-5.0,5.0,-1.417
2012-05-01,-2.0,6.0,0.5
2012-05-02,1.0,7.0,2.625
2012-05-03,-1.0,7.0,1.583
2012-05-04,0.0,10.0,2.917
2012-05-05,1.0,10.0,3.917
2012-05-06,0.0,7.0,2.75
2012-05-07,-4.0,6.0,0.042
2012-05-08,-1.0,5.0,0.958
2012-05-09,-4.0,2.0,-1.25
2012-05-10,-5.0,1.0,-2.5
2012-05-11,-6.0,3.0,-2.208
2012-05-12,-2.0,4.0,0.292
2012-05-13,-2.0,5.0,0.667
2012-05-14,-3.0,6.0,-0.19
2012-05-15,-5.0,4.0,-0.625
2012-05-16,-2.0,9.0,5.125
2012-05-17,3.0,9.0,6.333
2012-05-18,6.0,9.0,7.583
2012-05-19,4.0,7.0,5.75
2012-05-20,-7.0,7.0,1.708
2012-05-21,-22.0,-1.0,-7.333
2012-05-22,-4.0,2.0,-2.25
2012-05-23,-5.0,2.0,-2.375
2012-05-24,-3.0,2.0,-1.583
2012-05-25,-3.0,1.0,-1.292
2012-05-26,-4.0,40.0,3.833
2012-05-27,4.0,45.0,23.833
2012-05-28,-5.0,4.0,-0.458
2012-05-29,-6.0,0.0,-2.125
2012-05-30,-61.0,-3.0,-23.125
2012-05-31,-6.0,-2.0,-4.708
2012-06-01,-5.0,0.0,-3.208
2012-06-02,-7.0,-1.0,-3.667
2012-06-03,-38.0,-5.0,-11.083
2012-06-04,-56.0,-6.0,-25.458
2012-06-05,-59.0,-7.0,-31.0
2012-06-06,-56.0,-8.0,-31.375
2012-06-07,-36.0,-7.0,-17.333
2012-06-08,-20.0,-5.0,-11.125
2012-06-09,-10.0,-4.0,-7.5
2012-06-10,-16.0,-3.0,-7.375
2012-06-11,-5.0,-2.0,-3.667
2012-06-12,-6.0,-3.0,-4.417
2012-06-13,-6.0,-1.0,-4.458
2012-06-14,-9.0,2.0,-2.5
2012-06-15,-7.0,-2.0,-3.792
2012-06-16,-5.0,8.0,2.792
2012-06-17,6.0,17.0,11.917
2012-06-18,18.0,24.0,21.167
2012-06-19,15.0,20.0,18.167
2012-06-20,14.0,65.0,35.167
2012-06-21,58.0,59.0,58.667
2012-06-22,57.0,59.0,58.208
2012-06-23,56.0,60.0,58.375
2012-06-24,56.0,58.0,57.208
2012-06-25,54.0,58.0,56.25
2012-06-26,52.0,58.0,55.083
2012-06-27,49.0,56.0,51.625
2012-06-28,60.0,127.0,95.5
2012-06-29,128.0,143.0,134.417
2012-06-30,142.0,150.0,146.875
2012-07-01,142.0,169.0,149.917
2012-07-02,172.0,193.0,185.75
2012-07-03,193.0,195.0,193.833
2012-07-04,185.0,213.0,199.458
2012-07-05,183.0,187.0,184.917
2012-07-06,188.0,196.0,192.167
2012-07-07,195.0,200.0,197.292
2012-07-08,201.0,218.0,209.25
2012-07-09,219.0,223.0,221.5
2012-07-10,219.0,229.0,223.792
2012-07-11,207.0,219.0,213.875
2012-07-12,200.0,208.0,204.667
2012-07-13,200.0,206.0,202.875
2012-07-14,205.0,208.0,206.625
2012-07-15,202.0,211.0,205.667
2012-07-16,192.0,203.0,197.75
2012-07-17,193.0,197.0,194.708
2012-07-18,180.0,198.0,189.417
2012-07-19,169.0,185.0,176.458
2012-07-20,161.0,174.0,168.875
2012-07-21,175.0,181.0,178.708
2012-07-22,172.0,181.0,176.417
2012-07-23,175.0,184.0,178.5
2012-07-24,178.0,192.0,185.292
2012-07-25,168.0,191.0,181.917
2012-07-26,181.0,199.0,191.083
2012-07-27,193.0,213.0,203.792
2012-07-28,198.0,222.0,211.5
2012-07-29,194.0,240.0,218.792
2012-07-30,176.0,211.0,197.0
2012-07-31,175.0,201.0,189.667
2012-08-01,192.0,205.0,197.875
2012-08-02,195.0,202.0,199.0
2012-08-03,198.0,204.0,200.5
2012-08-04,189.0,206.0,197.542
2012-08-05,176.0,198.0,188.458
2012-08-06,185.0,196.0,188.917
2012-08-07,196.0,213.0,205.958
2012-08-08,214.0,228.0,219.667
2012-08-09,229.0,250.0,235.667
2012-08-10,215.0,239.0,225.833
2012-08-11,204.0,219.0,212.333
2012-08-12,191.0,228.0,209.625
2012-08-13,197.0,216.0,208.042
2012-08-14,189.0,210.0,196.417
2012-08-15,195.0,254.0,219.708
2012-08-16,244.0,257.0,252.167
2012-08-17,227.0,243.0,236.0
2012-08-18,215.0,227.0,222.708
2012-08-19,214.0,227.0,219.042
2012-08-20,225.0,228.0,227.042
2012-08-21,223.0,226.0,224.792
2012-08-22,224.0,262.0,242.667
2012-08-23,263.0,264.0,263.25
2012-08-24,263.0,266.0,264.917
2012-08-25,266.0,297.0,284.917
2012-08-26,296.0,299.0,297.375
2012-08-27,297.0,303.0,300.5
2012-08-28,300.0,304.0,301.75
2012-08-29,297.0,300.0,298.75
2012-08-30,289.0,299.0,296.5
2012-08-31,281.0,295.0,289.792
2012-09-01,272.0,285.0,278.667
2012-09-02,258.0,276.0,267.458
2012-09-03,237.0,259.0,250.417
2012-09-04,215.0,236.0,227.75
2012-09-05,189.0,216.0,206.125
2012-09-06,146.0,187.0,168.875
2012-09-07,111.0,146.0,132.375
2012-09-08,83.0,110.0,96.958
2012-09-09,49.0,82.0,68.667
2012-09-10,4.0,59.0,33.458
2012-09-11,-20.0,1.0,-8.625
2012-09-12,-42.0,2.0,-10.708
2012-09-13,-5.0,5.0,-1.417
2012-09-14,-6.0,5.0,-1.458
2012-09-15,-6.0,4.0,-1.708
2012-09-16,-5.0,1.0,-2.417
2012-09-17,-34.0,4.0,-7.667
2012-09-18,-12.0,-2.0,-5.167
2012-09-19,-37.0,-2.0,-15.333
2012-09-20,-17.0,2.0,-2.792
2012-09-21,-5.0,1.0,-2.292
2012-09-22,-5.0,6.0,-0.75
2012-09-23,-4.0,7.0,0.542
2012-09-24,-5.0,8.0,0.208
2012-09-25,-4.0,10.0,1.0
2012-09-26,-4.0,12.0,2.583
2012-09-27,-2.0,9.0,2.375
2012-09-28,-4.0,10.0,1.417
2012-09-29,-3.0,5.0,-0.167
2012-09-30,-5.0,6.0,-0.917
2012-10-01,-6.0,6.0,-1.083
2012-10-02,-7.0,8.0,-1.0
2012-10-03,-6.0,10.0,0.292
2012-10-04,-4.0,7.0,-0.042
2012-10-05,-3.0,37.0,19.143
2012-10-06,38.0,46.0,42.375
2012-10-07,46.0,61.0,54.167
2012-10-08,40.0,59.0,51.292
2012-10-09,27.0,61.0,40.792
2012-10-10,-14.0,31.0,13.708
2012-10-11,-7.0,8.0,-0.417
2012-10-12,-3.0,8.0,1.25
2012-10-13,-3.0,10.0,1.625
2012-10-14,-4.0,8.0,1.042
2012-10-15,0.0,0.0,0.0
2012-10-16,0.0,0.0,0.0
2012-10-17,0.0,0.0,0.0
2012-10-18,0.0,0.0,0.0
2012-10-19,0.0,0.0,0.0
2012-10-20,0.0,0.0,0.0
2012-10-21,0.0,0.0,0.0
2012-10-22,0.0,0.0,0.0
2012-10-23,0.0,0.0,0.0
2012-10-24,0.0,0.0,0.0
2012-10-25,0.0,0.0,0.0
2012-10-26,0.0,0.0,0.0
2012-10-27,0.0,0.0,0.0
2012-10-28,0.0,0.0,0.0
2012-10-29,0.0,0.0,0.0
2012-10-30,0.0,0.0,0.0
2012-10-31,0.0,0.0,0.0
2012-11-01,0.0,0.0,0.0
2012-11-02,0.0,0.0,0.0
2012-11-03,0.0,0.0,0.0
2012-11-04,0.0,0.0,0.0
2012-11-05,0.0,0.0,0.0
2012-11-06,0.0,0.0,0.0
2012-11-07,0.0,0.0,0.0
2012-11-08,0.0,0.0,0.0
2012-11-09,0.0,0.0,0.0
2012-11-10,0.0,0.0,0.0
2012-11-11,0.0,0.0,0.0
2012-11-12,0.0,0.0,0.0
2012-11-13,0.0,0.0,0.0
2012-11-14,0.0,0.0,0.0
2012-11-15,0.0,0.0,0.0
2012-11-16,0.0,0.0,0.0
2012-11-17,0.0,0.0,0.0
2012-11-18,0.0,0.0,0.0
2012-11-19,0.0,0.0,0.0
2012-11-20,0.0,0.0,0.0
2012-11-21,0.0,0.0,0.0
2012-11-22,0.0,0.0,0.0
2012-11-23,0.0,0.0,0.0
2012-11-24,0.0,0.0,0.0
2012-11-25,0.0,0.0,0.0
2012-11-26,0.0,0.0,0.0
2012-11-27,0.0,0.0,0.0
2012-11-28,0.0,0.0,0.0
2012-11-29,0.0,0.0,0.0
2012-11-30,0.0,0.0,0.0
2012-12-01,0.0,0.0,0.0
2012-12-02,0.0,0.0,0.0
2012-12-03,0.0,0.0,0.0
2012-12-04,0.0,0.0,0.0
2012-12-05,0.0,0.0,0.0
2012-12-06,0.0,0.0,0.0
2012-12-07,0.0,0.0,0.0
2012-12-08,0.0,0.0,0.0
2012-12-09,0.0,0.0,0.0
2012-12-10,0.0,0.0,0.0
2012-12-11,0.0,0.0,0.0
2012-12-12,0.0,0.0,0.0
2012-12-13,0.0,0.0,0.0
2012-12-14,0.0,0.0,0.0
2012-12-15,0.0,0.0,0.0
2012-12-16,0.0,0.0,0.0
2012-12-17,0.0,0.0,0.0
2012-12-18,0.0,0.0,0.0
2012-12-19,0.0,0.0,0.0
2012-12-20,0.0,0.0,0.0
2012-12-21,0.0,0.0,0.0
2012-12-22,0.0,0.0,0.0
2012-12-23,0.0,0.0,0.0
2012-12-24,0.0,0.0,0.0
2012-12-25,0.0,0.0,0.0
2012-12-26,0.0,0.0,0.0
2012-12-27,0.0,0.0,0.0
2012-12-28,0.0,0.0,0.0
2012-12-29,0.0,0.0,0.0
2012-12-30,0.0,0.0,0.0
2012-12-31,0.0,0.0,0.0
2013-01-01,0.0,0.0,0.0
2013-01-02,0.0,0.0,0.0
2013-01-03,0.0,0.0,0.0
2013-01-04,0.0,0.0,0.0
2013-01-05,0.0,0.0,0.0
2013-01-06,0.0,0.0,0.0
2013-01-07,0.0,0.0,0.0
2013-01-08,0.0,0.0,0.0
2013-01-09,0.0,0.0,0.0
2013-01-10,0.0,0.0,0.0
2013-01-11,0.0,0.0,0.0
2013-01-12,0.0,0.0,0.0
2013-01-13,0.0,0.0,0.0
2013-01-14,0.0,0.0,0.0
2013-01-15,0.0,0.0,0.0
2013-01-16,0.0,0.0,0.0
2013-01-17,0.0,0.0,0.0
2013-01-18,0.0,0.0,0.0
2013-01-19,0.0,0.0,0.0
2013-01-20,0.0,0.0,0.0
2013-01-21,0.0,0.0,0.0
2013-01-22,0.0,0.0,0.0
2013-01-23,0.0,0.0,0.0
2013-01-24,0.0,0.0,0.0
2013-01-25,0.0,0.0,0.0
2013-01-26,0.0,0.0,0.0
2013-01-27,0.0,0.0,0.0
2013-01-28,0.0,0.0,0.0
2013-01-29,0.0,0.0,0.0
2013-01-30,0.0,0.0,0.0
2013-01-31,0.0,0.0,0.0
2013-02-01,0.0,0.0,0.0
2013-02-02,0.0,0.0,0.0
2013-02-03,0.0,0.0,0.0
2013-02-04,0.0,0.0,0.0
2013-02-05,0.0,0.0,0.0
2013-02-06,0.0,0.0,0.0
2013-02-07,0.0,0.0,0.0
2013-02-08,0.0,0.0,0.0
2013-02-09,0.0,0.0,0.0
2013-02-10,0.0,0.0,0.0
2013-02-11,0.0,0.0,0.0
2013-02-12,0.0,0.0,0.0
2013-02-13,0.0,0.0,0.0
2013-02-14,0.0,0.0,0.0
2013-02-15,0.0,0.0,0.0
2013-02-16,0.0,0.0,0.0
2013-02-17,0.0,0.0,0.0
2013-02-18,0.0,0.0,0.0
2013-02-19,0.0,0.0,0.0
2013-02-20,0.0,0.0,0.0
2013-02-21,0.0,0.0,0.0
2013-02-22,0.0,0.0,0.0
2013-02-23,0.0,0.0,0.0
2013-02-24,0.0,0.0,0.0
2013-02-25,0.0,0.0,0.0
2013-02-26,0.0,0.0,0.0
2013-02-27,0.0,0.0,0.0
2013-02-28,0.0,0.0,0.0
2013-03-01,0.0,0.0,0.0
2013-03-02,0.0,0.0,0.0
2013-03-03,0.0,0.0,0.0
2013-03-04,0.0,0.0,0.0
2013-03-05,0.0,0.0,0.0
2013-03-06,0.0,0.0,0.0
2013-03-07,0.0,0.0,0.0
2013-03-08,0.0,0.0,0.0
2013-03-09,0.0,0.0,0.0
2013-03-10,0.0,0.0,0.0
2013-03-11,0.0,0.0,0.0
2013-03-12,0.0,0.0,0.0
2013-03-13,0.0,0.0,0.0
2013-03-14,0.0,0.0,0.0
2013-03-15,0.0,0.0,0.0
2013-03-16,0.0,0.0,0.0
2013-03-17,0.0,0.0,0.0
2013-03-18,0.0,0.0,0.0
2013-03-19,0.0,0.0,0.0
2013-03-20,0.0,0.0,0.0
2013-03-21,0.0,0.0,0.0
2013-03-22,0.0,0.0,0.0
2013-03-23,0.0,0.0,0.0
2013-03-24,0.0,0.0,0.0
2013-03-25,0.0,0.0,0.0
2013-03-26,0.0,0.0,0.0
2013-03-27,0.0,0.0,0.0
2013-03-28,0.0,0.0,0.0
2013-03-29,0.0,0.0,0.0
2013-03-30,0.0,0.0,0.0
2013-03-31,0.0,0.0,0.0
2013-04-01,0.0,0.0,0.0
2013-04-02,0.0,0.0,0.0
2013-04-03,0.0,0.0,0.0
2013-04-04,0.0,0.0,0.0
2013-04-05,0.0,0.0,0.0
2013-04-06,0.0,0.0,0.0
2013-04-07,0.0,0.0,0.0
2013-04-08,0.0,0.0,0.0
2013-04-09,0.0,0.0,0.0
2013-04-10,0.0,0.0,0.0
2013-04-11,0.0,0.0,0.0
2013-04-12,0.0,0.0,0.0
2013-04-13,0.0,0.0,0.0
2013-04-14,0.0,0.0,0.0
2013-04-15,0.0,0.0,0.0
2013-04-16,0.0,0.0,0.0
2013-04-17,0.0,0.0,0.0
2013-04-18,0.0,0.0,0.0
2013-04-19,0.0,0.0,0.0
2013-04-20,0.0,0.0,0.0
2013-04-21,0.0,0.0,0.0
2013-04-22,0.0,0.0,0.0
2013-04-23,0.0,11.0,4.0
2013-04-24,1.0,13.0,4.542
2013-04-25,0.0,13.0,5.333
2013-04-26,-4.434,7.0,1.767
2013-04-27,-8.619,-3.752,-5.517
2013-04-28,-11.941,0.026,-7.662
2013-04-29,-8.486,0.745,-5.417
2013-04-30,-8.68,2.01,-4.619
2013-05-01,-10.466,-2.503,-5.415
2013-05-02,-13.807,-3.629,-9.591
2013-05-03,-10.09,-5.217,-7.848
2013-05-04,-13.734,-2.573,-8.514
2013-05-05,-12.975,-1.71,-7.95
2013-05-06,-11.665,-0.985,-6.748
2013-05-07,-10.127,-0.063,-6.224
2013-05-08,-10.138,-0.192,-5.895
2013-05-09,-10.17,-1.818,-6.4
2013-05-10,-10.232,-5.197,-7.882
2013-05-11,-14.643,-4.026,-9.996
2013-05-12,-12.643,-4.96,-8.527
2013-05-13,-12.565,-4.322,-8.738
2013-05-14,-25.966,-5.909,-12.279
2013-05-15,-32.654,-6.334,-16.565
2013-05-16,-12.931,-3.715,-8.733
2013-05-17,-11.83,-3.362,-8.097
2013-05-18,-9.708,-4.785,-6.574
2013-05-19,-13.402,-4.802,-9.629
2013-05-20,-12.361,-5.483,-8.95
2013-05-21,-14.514,-5.308,-9.943
2013-05-22,-12.746,-3.854,-8.664
2013-05-23,-11.897,-3.256,-7.909
2013-05-24,-10.477,-1.739,-6.644
2013-05-25,-9.161,-1.676,-5.827
2013-05-26,-10.317,-2.191,-6.886
2013-05-27,-9.288,19.003,1.528
2013-05-28,19.105,119.412,90.024
2013-05-29,111.432,121.059,114.61
2013-05-30,111.457,113.425,112.842
2013-05-31,110.767,151.529,135.123
2013-06-01,132.678,165.85,153.993
2013-06-02,163.037,167.092,165.184
2013-06-03,166.829,172.129,168.764
2013-06-04,171.311,175.735,173.504
2013-06-05,168.807,177.621,173.576
2013-06-06,168.607,177.418,174.069
2013-06-07,171.63,183.13,177.824
2013-06-08,171.938,186.291,179.904
2013-06-09,179.56,195.473,187.177
2013-06-10,184.4,205.018,194.995
2013-06-11,176.722,205.185,191.642
2013-06-12,173.932,201.26,185.797
2013-06-13,164.415,200.055,184.488
2013-06-14,145.599,169.177,159.943
2013-06-15,129.262,152.472,143.411
2013-06-16,129.06,153.82,137.201
2013-06-17,147.935,253.999,180.549
2013-06-18,184.229,237.018,206.16
2013-06-19,127.204,208.228,163.827
2013-06-20,103.042,157.166,138.847
2013-06-21,102.046,149.923,126.152
2013-06-22,100.481,121.086,109.047
2013-06-23,92.377,110.279,102.952
2013-06-24,81.695,93.795,88.656
2013-06-25,90.489,111.526,101.127
2013-06-26,94.993,111.505,103.51
2013-06-27,106.054,188.456,144.336
2013-06-28,190.72,276.576,236.471
2013-06-29,279.7,310.921,297.51
2013-06-30,311.918,340.704,327.25
2013-07-01,341.838,358.573,351.85
2013-07-02,358.429,365.93,362.682
2013-07-03,355.866,366.616,360.026
2013-07-04,362.924,370.654,366.789
2013-07-05,370.99,378.72,374.855
2013-07-06,379.056,386.786,382.921
2013-07-07,387.122,394.852,390.987
2013-07-08,395.188,402.918,399.053
2013-07-09,403.255,410.985,407.12
2013-07-10,411.321,419.051,415.186
2013-07-11,419.387,427.117,423.252
2013-07-12,427.453,435.183,431.318
2013-07-13,435.519,443.249,439.384
2013-07-14,443.585,451.315,447.45
2013-07-15,451.651,459.381,455.516
2013-07-16,459.717,467.448,463.582
2013-07-17,467.784,475.514,471.649
2013-07-18,475.85,483.58,479.715
2013-07-19,483.916,491.646,487.781
2013-07-20,491.982,499.712,495.847
2013-07-21,500.048,507.778,503.913
2013-07-22,508.114,515.844,511.979
2013-07-23,516.18,523.91,520.045
2013-07-24,524.247,531.977,528.112
2013-07-25,532.313,540.043,536.178
2013-07-26,540.379,548.109,544.244
2013-07-27,548.445,556.175,552.31
2013-07-28,556.511,564.241,560.376
2013-07-29,564.577,572.307,568.442
2013-07-30,572.643,580.373,576.508
2013-07-31,580.709,588.44,584.575
2013-08-01,588.776,596.506,592.641
2013-08-02,601.547,607.648,605.307
2013-08-03,599.567,607.221,603.457
2013-08-04,604.667,623.794,610.659
2013-08-05,621.819,632.152,627.393
2013-08-06,601.01,628.038,618.078
2013-08-07,615.436,675.207,654.551
2013-08-08,673.655,679.742,677.078
2013-08-09,671.814,676.494,674.268
2013-08-10,667.004,670.26,668.595
2013-08-11,670.404,721.103,695.305
2013-08-12,721.379,733.132,728.321
2013-08-13,727.477,733.562,729.965
2013-08-14,726.054,732.574,728.363
2013-08-15,727.916,730.316,729.341
2013-08-16,719.003,728.054,724.505
2013-08-17,717.731,723.827,720.25
2013-08-18,718.458,728.232,722.382
2013-08-19,715.913,725.831,721.039
2013-08-20,713.941,725.272,719.666
2013-08-21,714.514,728.103,721.289
2013-08-22,704.318,722.168,714.029
2013-08-23,693.568,710.697,701.546
2013-08-24,680.124,702.637,691.529
2013-08-25,671.49,690.604,681.017
2013-08-26,667.955,683.24,678.42
2013-08-27,673.625,702.089,688.052
2013-08-28,690.357,709.619,700.85
2013-08-29,669.452,696.474,683.511
2013-08-30,648.94,667.331,657.874
2013-08-31,631.261,648.673,640.598
2013-09-01,628.304,656.945,636.956
2013-09-02,608.246,628.195,613.958
2013-09-03,596.692,609.129,603.789
2013-09-04,584.804,600.933,596.588
2013-09-05,603.665,635.254,626.153
2013-09-06,606.169,656.287,626.614
2013-09-07,592.12,618.28,606.592
2013-09-08,572.036,590.707,580.938
2013-09-09,540.538,580.838,562.296
2013-09-10,457.78,535.585,487.98
2013-09-11,434.537,457.646,446.201
2013-09-12,442.474,450.113,445.685
2013-09-13,439.614,456.627,450.169
2013-09-14,427.229,462.985,449.163
2013-09-15,413.594,478.681,448.351
2013-09-16,419.81,463.068,442.202
2013-09-17,421.77,478.344,449.267
2013-09-18,429.829,487.673,455.098
2013-09-19,441.448,481.994,455.703
2013-09-20,451.931,461.565,457.381
2013-09-21,460.142,476.57,467.636
2013-09-22,475.572,491.732,482.699
2013-09-23,468.465,499.801,485.102
2013-09-24,464.91,495.964,479.305
2013-09-25,461.824,515.675,481.411
2013-09-26,454.312,518.947,476.784
2013-09-27,439.146,517.823,473.579
2013-09-28,445.257,501.821,470.189
2013-09-29,442.573,495.447,462.611
2013-09-30,419.889,473.19,439.666
2013-10-01,395.216,450.096,416.528
2013-10-02,371.252,417.628,392.715
2013-10-03,344.304,374.947,359.036
2013-10-04,321.049,367.156,340.752
2013-10-05,284.165,334.696,309.13
2013-10-06,245.953,283.175,266.25
2013-10-07,215.855,245.777,232.404
2013-10-08,175.326,215.869,198.145
2013-10-09,117.358,176.279,152.555
2013-10-10,60.733,126.168,100.03
2013-10-11,-15.317,99.709,34.964
2013-10-12,-26.211,-12.306,-18.087
2013-10-13,-23.653,-10.584,-16.73
2013-10-14,-21.137,-7.452,-14.796
2013-10-15,-15.772,-5.476,-12.249
2013-10-16,-16.755,-5.321,-12.146
2013-10-17,-15.544,-4.276,-11.511
2013-10-18,-16.058,-4.538,-11.58
2013-10-19,-14.947,-7.486,-11.856
2013-10-20,-16.816,18.645,0.68
2013-10-21,-9.579,18.358,9.039
2013-10-22,-29.624,-6.514,-16.039
2013-10-23,-35.625,-7.453,-17.029
2013-10-24,-18.751,-6.919,-13.476
2013-10-25,-15.678,-3.638,-10.834
2013-10-26,-17.038,-1.497,-10.604
2013-10-27,-13.933,-0.636,-8.924
2013-10-28,-13.641,-0.712,-8.752
2013-10-29,-14.199,-0.45,-8.662
2013-10-30,-11.344,-5.149,-9.165
2013-10-31,-13.973,-6.373,-11.212
2013-11-01,-16.591,-0.402,-10.411
2013-11-02,-14.963,1.463,-8.198
2013-11-03,-12.68,4.532,-5.956
2013-11-04,-12.824,4.123,-5.592
2013-11-05,-12.763,5.992,-5.35
2013-11-06,-12.012,-1.062,-7.362
2013-11-07,-14.508,0.332,-8.376
2013-11-08,-15.523,0.125,-9.003
2013-11-09,-13.855,-1.06,-8.712
2013-11-10,-13.141,3.282,-6.694
2013-11-11,-13.281,2.228,-7.086
2013-11-12,-13.624,3.384,-6.54
2013-11-13,-12.865,4.384,-5.693
2013-11-14,-12.596,-5.244,-9.092
2013-11-15,-16.261,5.742,-7.43
2013-11-16,-10.805,9.05,-2.727
2013-11-17,-10.65,8.252,-2.656
2013-11-18,-10.668,5.118,-4.092
2013-11-19,-11.756,8.539,-3.524
2013-11-20,-11.414,9.002,-2.757
2013-11-21,-9.505,10.413,-1.029
2013-11-22,-8.808,7.587,-2.089
2013-11-23,-9.559,7.438,-2.595
2013-11-24,-9.831,3.905,-4.025
2013-11-25,-11.701,5.346,-4.639
2013-11-26,-10.647,4.725,-4.58
2013-11-27,-13.526,4.87,-5.233
2013-11-28,-11.862,7.434,-3.678
2013-11-29,-10.454,10.27,-2.017
2013-11-30,-9.814,10.798,-1.127
2013-12-01,-9.645,10.062,-1.162
2013-12-02,-8.969,9.168,-1.589
2013-12-03,-10.082,10.94,-1.378
2013-12-04,-10.382,9.46,-1.597
2013-12-05,-10.171,7.995,-2.217
2013-12-06,-10.122,9.714,-1.829
2013-12-07,-9.404,10.505,-0.831
2013-12-08,-7.505,6.711,-1.487
2013-12-09,-10.595,11.395,-1.67
2013-12-10,-7.903,14.361,1.256
2013-12-11,-6.834,14.01,1.671
2013-12-12,-5.592,14.137,2.363
2013-12-13,-6.503,14.382,2.239
2013-12-14,-6.376,15.757,2.669
2013-12-15,-5.651,15.179,3.531
2013-12-16,-3.197,17.964,5.102
2013-12-17,-4.557,16.11,4.189
2013-12-18,-3.484,16.814,4.393
2013-12-19,-5.383,16.957,4.088
2013-12-20,-5.245,16.967,4.123
2013-12-21,-3.717,18.109,4.796
2013-12-22,-3.056,20.398,3.597
2013-12-23,-4.76,17.71,3.967
2013-12-24,-1.975,15.988,5.236
2013-12-25,-5.237,14.685,3.008
2013-12-26,-6.647,15.119,2.541
2013-12-27,-5.698,16.399,3.222
2013-12-28,-5.219,16.677,3.749
2013-12-29,-5.83,13.989,2.679
2013-12-30,-6.044,12.036,1.642
2013-12-31,-6.245,10.931,0.639
2014-01-01,-7.748,7.884,-1.456
2014-01-02,-8.124,10.783,-0.927
2014-01-03,-10.22,13.27,-0.474
2014-01-04,-6.2,18.821,3.845
2014-01-05,-1.737,18.812,6.349
2014-01-06,-4.268,17.257,4.638
2014-01-07,-6.236,16.404,3.438
2014-01-08,-6.303,16.819,2.974
2014-01-09,-7.11,11.741,0.93
2014-01-10,-8.688,14.003,0.836
2014-01-11,-5.091,17.68,4.109
2014-01-12,-3.098,20.008,6.277
2014-01-13,-3.35,18.131,5.433
2014-01-14,-1.873,20.494,7.038
2014-01-15,0.395,22.255,8.87
2014-01-16,0.242,18.836,8.06
2014-01-17,-1.417,17.334,6.05
2014-01-18,-2.474,13.698,3.774
2014-01-19,-2.174,16.88,5.357
2014-01-20,-4.942,14.406,3.594
2014-01-21,-7.412,12.58,0.493
2014-01-22,-7.217,11.457,0.318
2014-01-23,-7.407,6.24,-2.641
2014-01-24,-10.66,11.23,-2.039
2014-01-25,-7.162,13.287,1.013
2014-01-26,-7.044,14.419,1.848
2014-01-27,-5.801,12.977,2.11
2014-01-28,-8.235,10.897,0.214
2014-01-29,-6.529,16.536,2.372
2014-01-30,-6.304,14.124,2.309
2014-01-31,-13.727,8.386,-3.811
2014-02-01,-19.234,-2.605,-13.593
2014-02-02,-22.285,-4.757,-15.361
2014-02-03,-22.105,-3.976,-15.359
2014-02-04,-22.439,-5.348,-15.595
2014-02-05,-23.045,-8.926,-17.005
2014-02-06,-24.155,-3.965,-15.924
2014-02-07,-22.959,-1.623,-14.203
2014-02-08,-22.353,-2.791,-14.184
2014-02-09,-21.389,-1.297,-13.49
2014-02-10,-21.028,-0.912,-12.483
2014-02-11,-20.579,-0.501,-12.433
2014-02-12,-20.062,1.175,-11.55
2014-02-13,-17.947,-6.158,-12.854
2014-02-14,-20.651,-4.27,-14.55
2014-02-15,-20.668,-8.868,-16.135
2014-02-16,-22.417,-14.534,-18.917
2014-02-17,-23.922,-3.388,-16.619
2014-02-18,-21.261,-2.032,-13.998
2014-02-19,-32.494,-2.142,-16.547
2014-02-20,-38.576,-20.94,-32.155
2014-02-21,-39.659,-22.142,-33.303
2014-02-22,-40.123,-19.659,-32.871
2014-02-23,-38.33,-19.533,-31.244
2014-02-24,-37.647,-25.201,-33.2
2014-02-25,-42.597,-22.478,-34.175
2014-02-26,-47.51,-26.592,-39.959
2014-02-27,-45.155,-24.071,-36.97
2014-02-28,-43.506,-25.703,-36.628
2014-03-01,-42.654,-28.969,-38.153
2014-03-02,-46.19,-26.969,-39.83
2014-03-03,-43.424,-24.586,-36.465
2014-03-04,-42.36,-26.358,-36.337
2014-03-05,-42.389,-33.555,-38.461
2014-03-06,-44.906,-27.732,-38.646
2014-03-07,-44.1,-26.397,-37.39
2014-03-08,-43.229,-26.511,-36.829
2014-03-09,-45.668,-33.423,-40.789
2014-03-10,-45.543,-31.283,-40.252
2014-03-11,-47.285,-30.095,-40.769
2014-03-12,-45.292,-29.518,-39.343
2014-03-13,-44.235,-28.605,-38.835
2014-03-14,-42.801,-32.039,-38.79
2014-03-15,-43.848,-30.887,-39.265
2014-03-16,-43.056,-32.823,-39.448
2014-03-17,-45.853,-30.633,-40.08
2014-03-18,-44.688,-27.473,-39.121
2014-03-19,-44.486,-29.445,-38.567
2014-03-20,-44.032,-28.92,-38.364
2014-03-21,-45.426,-28.987,-38.755
2014-03-22,-42.73,-25.293,-36.516
2014-03-23,-41.936,-25.114,-35.526
2014-03-24,-41.663,-26.708,-35.933
2014-03-25,-42.019,-27.894,-37.152
2014-03-26,-42.174,-25.36,-36.518
2014-03-27,-41.863,-27.799,-36.5
2014-03-28,-43.166,-28.069,-37.534
2014-03-29,-45.579,-33.072,-39.551
2014-03-30,-63.49,-37.428,-47.071
2014-03-31,-59.524,-40.773,-49.257
2014-04-01,-50.417,-37.774,-45.18
2014-04-02,-48.363,-35.808,-43.304
2014-04-03,-49.424,-35.704,-43.941
2014-04-04,-49.445,-38.642,-44.71
2014-04-05,-47.992,-38.068,-43.99
2014-04-06,-46.72,-35.346,-42.075
2014-04-07,-51.29,-43.305,-46.664
2014-04-08,-60.212,-43.884,-48.315
2014-04-09,-51.607,2.599,-28.513
2014-04-10,-5.055,5.98,-0.804
2014-04-11,-5.109,0.498,-2.606
2014-04-12,-16.049,3.365,-5.264
2014-04-13,-4.992,5.932,-1.231
2014-04-14,-3.943,9.167,0.355
2014-04-15,-2.155,9.55,1.64
2014-04-16,-3.007,7.556,0.871
2014-04-17,-5.694,6.35,-1.535
2014-04-18,-5.42,1.061,-2.495
2014-04-19,-4.774,7.29,-1.369
2014-04-20,-2.644,8.661,0.653
2014-04-21,-3.582,8.611,0.337
2014-04-22,-2.259,10.77,1.822
2014-04-23,-1.487,11.218,2.542
2014-04-24,-1.921,11.616,2.674
2014-04-25,-1.486,10.103,2.65
2014-04-26,-2.437,6.843,1.321
2014-04-27,-3.853,6.425,0.258
2014-04-28,-4.302,6.486,-1.029
2014-04-29,-6.165,5.355,-1.842
2014-04-30,-6.639,3.216,-3.165
2014-05-01,-1.554,45.209,25.462
2014-05-02,32.625,55.587,38.812
2014-05-03,106.338,120.785,116.589
2014-05-04,85.555,104.948,95.249
2014-05-05,71.841,85.28,79.178
2014-05-06,53.297,72.635,65.442
2014-05-07,39.001,53.819,47.775
2014-05-08,26.684,39.183,34.025
2014-05-09,14.321,26.912,21.214
2014-05-10,-2.512,19.079,9.065
2014-05-11,-18.13,1.936,-5.072
2014-05-12,-17.608,-1.507,-7.452
2014-05-13,-7.031,0.614,-3.563
2014-05-14,-5.435,-1.39,-3.598
2014-05-15,-5.185,0.491,-3.08
2014-05-16,-6.347,-0.679,-3.409
2014-05-17,-6.301,-0.705,-4.262
2014-05-18,-9.804,-2.942,-5.191
2014-05-19,-8.172,-1.703,-5.551
2014-05-20,-5.869,1.162,-4.194
2014-05-21,-0.423,4.365,2.048
2014-05-22,-2.202,1.671,-0.001
2014-05-23,-12.905,1.322,-3.307
2014-05-24,-34.628,-4.51,-16.977
2014-05-25,-32.435,-3.824,-12.141
2014-05-26,-41.954,-2.444,-14.902
2014-05-27,-15.752,-1.749,-7.211
2014-05-28,-9.156,-3.947,-6.071
2014-05-29,-6.609,41.965,17.72
2014-05-30,39.175,41.086,39.938
2014-05-31,38.071,40.129,38.91
2014-06-01,36.947,38.976,38.062
2014-06-02,34.856,37.97,36.429
2014-06-03,33.212,65.501,40.516
2014-06-04,74.316,165.899,119.403
2014-06-05,165.621,192.485,186.798
2014-06-06,188.555,229.187,197.512
2014-06-07,223.08,259.463,247.726
2014-06-08,256.059,299.386,275.069
2014-06-09,297.136,299.242,298.138
2014-06-10,293.448,297.274,295.841
2014-06-11,293.309,328.253,306.951
2014-06-12,330.801,374.952,349.752
2014-06-13,372.713,376.66,374.318
2014-06-14,368.746,372.86,371.816
2014-06-15,368.895,393.802,382.703
2014-06-16,365.433,371.162,368.986
2014-06-17,362.444,370.952,365.692
2014-06-18,366.274,384.723,371.9
2014-06-19,373.247,384.31,376.918
2014-06-20,372.109,380.629,375.188
2014-06-21,367.836,381.027,372.38
2014-06-22,386.0,396.35,393.945
2014-06-23,394.053,395.464,394.812
2014-06-24,393.053,395.189,394.436
2014-06-25,393.473,398.0,395.694
2014-06-26,395.871,398.572,397.384
2014-06-27,393.739,397.73,395.54
2014-06-28,396.72,400.54,398.447
2014-06-29,400.39,404.074,402.242
2014-06-30,401.949,405.353,403.872
2014-07-01,400.96,408.192,404.806
2014-07-02,398.829,433.002,417.67
2014-07-03,429.613,432.013,430.788
2014-07-04,430.596,454.137,440.485
2014-07-05,451.3,454.848,452.914
2014-07-06,452.153,453.723,452.976
2014-07-07,448.189,453.155,450.963
2014-07-08,445.927,449.175,448.374
2014-07-09,443.799,446.483,445.036
2014-07-10,442.238,445.64,444.007
2014-07-11,435.714,442.661,438.516
2014-07-12,433.174,439.41,436.606
2014-07-13,430.195,436.435,433.057
2014-07-14,427.935,490.751,450.252
2014-07-15,488.34,495.147,491.86
2014-07-16,491.181,501.388,497.479
2014-07-17,499.131,501.819,500.947
2014-07-18,498.56,503.804,500.944
2014-07-19,499.268,505.08,501.973
2014-07-20,499.982,505.786,502.3
2014-07-21,501.536,507.209,503.922
2014-07-22,500.271,509.636,504.027
2014-07-23,499.01,512.625,504.153
2014-07-24,502.016,514.639,508.412
2014-07-25,504.439,509.113,506.899
2014-07-26,496.778,504.009,500.352
2014-07-27,490.529,526.256,506.756
2014-07-28,551.064,718.419,621.031
2014-07-29,594.648,614.853,605.216
2014-07-30,592.253,599.348,593.491
2014-07-31,601.759,699.922,658.003
2014-08-01,697.699,885.468,774.913
2014-08-02,681.852,843.515,745.339
2014-08-03,699.182,755.102,716.055
2014-08-04,700.392,709.078,704.275
2014-08-05,699.818,712.934,701.871
2014-08-06,719.732,772.097,759.084
2014-08-07,767.371,773.033,770.363
2014-08-08,764.8,769.211,765.702
2014-08-09,763.793,766.315,765.175
2014-08-10,765.049,769.427,767.873
2014-08-11,768.274,771.392,769.436
2014-08-12,767.268,770.948,768.283
2014-08-13,765.84,769.236,767.722
2014-08-14,766.258,767.96,767.249
2014-08-15,765.97,770.073,768.063
2014-08-16,763.698,774.727,768.745
2014-08-17,762.003,778.001,768.771
2014-08-18,754.837,770.532,763.268
2014-08-19,745.932,759.651,752.028
2014-08-20,728.831,746.514,739.257
2014-08-21,717.937,733.228,728.499
2014-08-22,710.291,728.707,722.257
2014-08-23,711.575,733.649,723.053
2014-08-24,734.507,750.485,744.939
2014-08-25,749.337,752.175,750.381
2014-08-26,745.786,750.056,748.278
2014-08-27,741.531,749.322,746.182
2014-08-28,740.826,748.898,743.983
2014-08-29,738.986,747.909,744.105
2014-08-30,733.614,764.899,751.285
2014-08-31,749.472,765.17,761.965
2014-09-01,749.472,797.323,774.503
2014-09-02,799.022,809.637,804.061
2014-09-03,810.904,831.554,825.365
2014-09-04,827.735,832.407,829.767
2014-09-05,833.118,844.159,838.381
2014-09-06,843.882,849.812,846.599
2014-09-07,845.152,849.685,847.824
2014-09-08,845.16,850.673,847.819
2014-09-09,849.682,856.757,853.529
2014-09-10,857.605,861.841,859.318
2014-09-11,859.571,862.977,861.21
2014-09-12,858.019,863.114,860.854
2014-09-13,857.032,862.975,859.425
2014-09-14,856.049,862.847,858.8
2014-09-15,844.762,859.045,854.807
2014-09-16,828.792,843.632,837.038
2014-09-17,805.464,827.379,816.1
2014-09-18,786.371,803.63,794.707
2014-09-19,762.07,786.249,773.351
2014-09-20,739.721,761.217,750.672
2014-09-21,721.044,738.877,731.622
2014-09-22,703.781,719.918,713.349
2014-09-23,705.773,715.675,711.556
2014-09-24,711.848,731.654,721.309
2014-09-25,734.639,792.086,770.081
2014-09-26,790.929,794.903,793.168
2014-09-27,784.426,789.655,787.584
2014-09-28,784.843,808.302,792.955
2014-09-29,722.973,780.858,744.338
2014-09-30,692.851,724.131,707.228
2014-10-01,673.161,696.111,686.153
2014-10-02,646.705,682.684,666.418
2014-10-03,619.957,661.878,639.536
2014-10-04,590.922,632.582,611.163
2014-10-05,583.266,601.706,594.795
2014-10-06,566.858,600.294,581.622
2014-10-07,528.912,570.283,549.762
2014-10-08,496.324,533.607,517.012
2014-10-09,473.501,509.938,493.503
2014-10-10,456.212,499.458,476.956
2014-10-11,434.35,488.249,460.532
2014-10-12,408.85,484.712,442.712
2014-10-13,388.717,447.964,413.385
2014-10-14,351.707,395.441,374.476
2014-10-15,319.383,365.456,342.182
2014-10-16,292.309,336.575,313.248
2014-10-17,266.486,300.595,281.786
2014-10-18,244.324,269.248,259.817
2014-10-19,208.179,259.47,234.996
2014-10-20,151.618,208.275,185.182
2014-10-21,81.772,150.828,124.667
2014-10-22,-8.419,80.32,43.335
2014-10-23,-16.776,1.72,-7.466
2014-10-24,-8.032,5.455,-3.001
2014-10-25,-7.914,5.902,-2.481
2014-10-26,-7.439,6.447,-2.242
2014-10-27,-7.658,5.071,-2.813
2014-10-28,-6.346,4.996,-2.419
2014-10-29,-11.663,-6.426,-8.885
2014-10-30,-10.823,0.995,-6.601
2014-10-31,-11.038,2.901,-5.559
2014-11-01,-10.576,3.89,-4.718
2014-11-02,-10.176,3.448,-5.208
2014-11-03,-11.694,4.403,-5.29
2014-11-04,-10.689,5.848,-4.01
2014-11-05,-9.734,3.913,-4.115
2014-11-06,-10.583,6.296,-3.543
2014-11-07,-9.806,8.793,-2.062
2014-11-08,-7.915,11.231,0.05
2014-11-09,-6.51,12.794,1.243
2014-11-10,-7.058,10.956,0.485
2014-11-11,-6.206,11.35,0.552
2014-11-12,-7.459,11.406,0.349
2014-11-13,-7.705,13.709,1.167
2014-11-14,-5.585,15.131,3.164
2014-11-15,-4.471,17.19,4.433
2014-11-16,-1.583,19.126,6.366
2014-11-17,-2.683,17.806,5.855
2014-11-18,-2.63,10.603,2.726
2014-11-19,-7.512,12.553,0.532
2014-11-20,-4.482,12.668,1.843
2014-11-21,-6.518,12.306,1.11
2014-11-22,-7.061,7.689,-0.474
2014-11-23,-6.082,10.545,0.663
2014-11-24,-6.621,13.123,1.317
2014-11-25,-7.115,11.741,1.246
2014-11-26,-7.219,15.426,2.192
2014-11-27,-5.297,12.606,2.461
2014-11-28,-6.29,13.863,1.861
2014-11-29,-13.539,-1.515,-8.798
2014-11-30,-25.653,-1.057,-9.815
2014-12-01,-11.881,5.226,-5.192
2014-12-02,-8.936,9.534,-1.664
2014-12-03,-6.932,13.296,1.394
2014-12-04,-5.503,17.067,3.448
2014-12-05,-4.721,14.68,3.887
2014-12-06,-3.77,9.753,1.17
2014-12-07,-8.043,16.163,1.855
2014-12-08,-2.764,18.827,5.868
2014-12-09,-3.484,17.22,5.223
2014-12-10,-4.011,13.054,2.029
2014-12-11,-7.747,13.703,0.892
2014-12-12,-5.429,15.323,2.982
2014-12-13,-4.43,14.186,3.98
2014-12-14,-2.751,15.109,3.992
2014-12-15,-5.477,15.849,3.153
2014-12-16,-6.032,15.219,2.976
2014-12-17,-5.534,17.815,4.046
2014-12-18,-5.058,17.771,4.676
2014-12-19,-4.977,15.12,3.351
2014-12-20,-10.012,5.022,-2.382
2014-12-21,-26.109,-4.034,-9.525
2014-12-22,-13.089,5.643,-6.576
2014-12-23,-9.479,10.639,-1.797
2014-12-24,-7.542,12.801,0.836
2014-12-25,-6.832,14.452,1.901
2014-12-26,-5.642,15.162,2.973
2014-12-27,-4.043,15.572,4.28
2014-12-28,-5.369,16.661,3.932
2014-12-29,-4.271,15.316,3.974
2014-12-30,-7.285,1.124,-2.094
2014-12-31,-9.494,-3.807,-6.714
2015-01-01,-12.01,11.25,-3.307
2015-01-02,-7.383,13.974,1.451
2015-01-03,-5.405,18.249,4.416
2015-01-04,-1.972,20.185,7.132
2015-01-05,-2.473,18.334,6.66
2015-01-06,-3.151,19.868,6.68
2015-01-07,-0.277,18.454,7.184
2015-01-08,-1.522,17.532,6.304
2015-01-09,-3.394,20.17,6.738
2015-01-10,-3.109,20.013,7.191
2015-01-11,-2.453,22.537,7.994
2015-01-12,-1.811,22.548,8.37
2015-01-13,-3.124,20.152,6.523
2015-01-14,-3.199,21.403,7.11
2015-01-15,-0.528,22.826,9.319
2015-01-16,-1.545,22.258,8.737
2015-01-17,0.021,23.543,9.897
2015-01-18,-0.569,21.404,9.037
2015-01-19,-1.442,21.115,8.045
2015-01-20,-1.242,22.693,8.499
2015-01-21,0.302,21.835,9.252
2015-01-22,-1.238,21.125,8.63
2015-01-23,-1.106,22.547,8.781
2015-01-24,-0.359,22.992,9.492
2015-01-25,0.018,22.982,9.629
2015-01-26,0.233,22.552,9.38
2015-01-27,-0.961,19.975,8.08
2015-01-28,-2.601,21.117,7.341
2015-01-29,-0.861,22.83,8.61
2015-01-30,-1.068,22.554,8.91
2015-01-31,-0.97,23.128,9.121
2015-02-01,-1.085,23.115,8.474
2015-02-02,0.688,22.833,9.184
2015-02-03,-1.92,21.55,7.75
2015-02-04,-2.358,21.981,7.588
2015-02-05,-0.593,22.282,8.732
2015-02-06,-1.314,21.693,8.306
2015-02-07,0.299,21.117,8.584
2015-02-08,0.822,15.734,6.119
2015-02-09,-3.204,14.612,3.778
2015-02-10,-4.837,16.945,4.305
2015-02-11,-3.024,18.866,6.288
2015-02-12,-2.544,20.982,6.989
2015-02-13,-0.122,21.827,8.701
2015-02-14,-0.72,22.256,8.133
2015-02-15,-0.315,22.265,8.361
2015-02-16,-1.845,21.547,7.545
2015-02-17,-0.007,20.403,8.149
2015-02-18,-4.11,16.633,4.409
2015-02-19,-5.09,11.478,2.171
2015-02-20,-4.287,11.052,1.614
2015-02-21,-8.878,11.853,-1.285
2015-02-22,-5.311,13.797,2.19
2015-02-23,-3.201,17.767,4.471
2015-02-24,-2.253,16.773,4.952
2015-02-25,-2.535,9.424,1.969
2015-02-26,-3.713,16.935,3.71
2015-02-27,-5.016,13.503,1.946
2015-02-28,-9.547,6.722,-4.019
2015-03-01,-8.672,11.831,-1.107
2015-03-02,-7.229,11.264,-0.006
2015-03-03,-7.051,12.786,0.671
2015-03-04,-6.21,14.02,1.576
2015-03-05,-6.157,15.682,2.481
2015-03-06,-4.212,16.509,3.671
2015-03-07,-5.038,15.354,3.315
2015-03-08,-4.452,16.491,3.918
2015-03-09,0.069,19.412,7.094
2015-03-10,0.116,19.837,7.115
2015-03-11,1.406,20.133,8.173
2015-03-12,-1.511,17.139,5.851
2015-03-13,-3.884,13.709,3.11
2015-03-14,-5.891,14.195,1.713
2015-03-15,-4.295,15.818,3.202
2015-03-16,-2.771,15.11,4.17
2015-03-17,-3.328,15.98,4.132
2015-03-18,-1.101,16.626,5.773
2015-03-19,-2.47,17.207,5.101
2015-03-20,-1.792,15.019,4.884
2015-03-21,-2.512,14.394,4.506
2015-03-22,-1.451,12.814,4.734
2015-03-23,0.034,6.088,2.686
2015-03-24,-8.794,0.273,-4.12
2015-03-25,-13.556,1.435,-8.213
2015-03-26,-6.957,1.758,-4.286
2015-03-27,-10.232,6.125,-4.211
2015-03-28,-8.374,8.096,-2.67
2015-03-29,-7.348,6.501,-2.591
2015-03-30,-9.523,5.855,-4.351
2015-03-31,-10.894,6.084,-4.615
2015-04-01,-9.929,6.466,-4.1
2015-04-02,-8.174,6.593,-2.889
2015-04-03,-9.45,6.011,-3.966
2015-04-04,-8.776,6.147,-3.459
2015-04-05,-7.854,7.158,-2.477
2015-04-06,-6.827,7.088,-1.521
2015-04-07,-6.039,5.151,-2.148
2015-04-08,-8.557,5.908,-2.764
2015-04-09,-8.269,7.235,-2.467
2015-04-10,-6.161,8.163,-0.833
2015-04-11,-4.836,9.828,0.265
2015-04-12,-4.634,9.426,0.397
2015-04-13,-6.834,6.042,-1.723
2015-04-14,-7.122,5.192,-2.593
2015-04-15,-7.545,3.043,-3.443
2015-04-16,-11.647,-4.333,-8.589
2015-04-17,-15.001,-2.332,-10.609
2015-04-18,-11.583,-0.437,-7.632
2015-04-19,-12.68,4.997,-2.252
2015-04-20,-33.753,-6.726,-11.681
2015-04-21,-13.563,-3.663,-10.012
2015-04-22,-11.536,-2.152,-8.463
2015-04-23,-10.824,-0.88,-7.499
2015-04-24,-9.647,1.301,-6.305
2015-04-25,-9.216,2.991,-5.151
2015-04-26,-10.024,1.972,-5.791
2015-04-27,-9.589,1.811,-5.553
2015-04-28,-9.713,1.641,-5.636
2015-04-29,-9.683,1.082,-5.781
2015-04-30,-8.93,0.89,-5.491
2015-05-01,-10.766,-2.558,-6.574
2015-05-02,1.38,10.315,6.08
2015-05-03,-1.299,4.525,1.959
2015-05-04,-25.927,4.646,-9.282
2015-05-05,-38.167,-11.027,-25.713
2015-05-06,-19.688,-7.382,-13.289
2015-05-07,-15.355,-6.175,-11.557
2015-05-08,-14.109,-9.414,-11.8
2015-05-09,-14.898,-6.653,-11.793
2015-05-10,-15.113,-5.591,-11.543
2015-05-11,-13.513,-4.438,-9.816
2015-05-12,-13.431,-5.192,-10.428
2015-05-13,-14.447,-5.296,-11.278
2015-05-14,-13.86,-4.691,-10.518
2015-05-15,-13.342,-4.139,-9.951
2015-05-16,-13.606,-4.334,-10.114
2015-05-17,-12.984,-4.018,-9.829
2015-05-18,-12.373,-5.646,-10.036
2015-05-19,-12.393,-2.981,-9.194
2015-05-20,-9.843,-3.341,-7.698
2015-05-21,-11.06,-8.382,-9.317
2015-05-22,-14.617,-8.544,-11.99
2015-05-23,-32.26,-10.12,-18.441
2015-05-24,-29.012,-10.072,-17.256
2015-05-25,-22.372,-9.426,-15.176
2015-05-26,-20.26,-8.684,-14.196
2015-05-27,-15.187,-6.922,-12.19
2015-05-28,-12.094,-7.416,-10.22
2015-05-29,-16.522,-8.486,-12.281
2015-05-30,-14.44,-8.81,-12.552
2015-05-31,-18.859,-10.201,-14.164
2015-06-01,-18.624,-11.185,-12.997
2015-06-02,-13.432,-9.824,-12.149
2015-06-03,-16.042,-9.145,-12.637
2015-06-04,-12.304,-8.462,-10.581
2015-06-05,-12.508,-9.868,-10.885
2015-06-06,-14.34,-10.518,-11.909
2015-06-07,-17.125,-10.436,-13.763
2015-06-08,-14.414,19.883,-5.79
2015-06-09,19.909,55.057,44.801
2015-06-10,51.013,53.836,52.143
2015-06-11,48.315,51.038,49.443
2015-06-12,47.016,48.812,48.03
2015-06-13,47.931,74.282,56.346
2015-06-14,73.149,85.683,82.203
2015-06-15,82.623,84.447,83.654
2015-06-16,81.935,83.366,82.799
2015-06-17,81.736,83.995,82.703
2015-06-18,80.94,83.343,82.183
2015-06-19,75.313,82.101,79.32
2015-06-20,74.755,77.195,75.845
2015-06-21,74.533,76.936,75.513
2015-06-22,66.472,75.101,71.394
2015-06-23,58.402,67.631,64.071
2015-06-24,44.735,60.989,54.41
2015-06-25,33.414,48.258,42.041
2015-06-26,25.493,36.384,31.57
2015-06-27,13.425,33.628,24.565
2015-06-28,10.278,26.026,16.713
2015-06-29,-5.444,15.107,6.999
2015-06-30,-11.824,1.878,-5.873
2015-07-01,-27.636,1.638,-12.556
2015-07-02,-36.739,-11.067,-19.101
2015-07-03,-69.013,-0.502,-35.11
2015-07-04,-84.814,-2.545,-43.346
2015-07-05,-28.792,-6.195,-14.341
2015-07-06,-12.013,-8.759,-10.655
2015-07-07,-10.453,3.796,-2.252
2015-07-08,-7.176,19.829,4.493
2015-07-09,19.696,54.36,45.722
2015-07-10,53.942,73.999,61.993
2015-07-11,74.276,145.9,99.068
2015-07-12,151.156,279.533,224.11
2015-07-13,280.389,291.181,286.737
2015-07-14,291.041,294.876,294.002
2015-07-15,276.849,294.453,282.928
2015-07-16,277.842,283.384,280.492
2015-07-17,282.391,286.086,283.812
2015-07-18,285.513,290.202,288.197
2015-07-19,289.634,293.607,291.477
2015-07-20,293.184,298.022,295.012
2015-07-21,295.883,301.143,298.022
2015-07-22,298.161,331.366,307.035
2015-07-23,312.355,337.34,319.683
2015-07-24,317.628,324.716,320.653
2015-07-25,310.979,318.053,313.319
2015-07-26,304.038,312.542,308.001
2015-07-27,303.905,342.246,323.588
2015-07-28,334.886,342.432,339.51
2015-07-29,340.32,343.589,342.03
2015-07-30,340.187,365.028,346.495
2015-07-31,364.743,367.023,365.742
2015-08-01,365.043,424.059,385.487
2015-08-02,425.476,455.683,443.656
2015-08-03,452.702,456.107,454.26
2015-08-04,454.832,457.391,456.074
2015-08-05,455.415,470.305,459.972
2015-08-06,473.434,551.687,514.007
2015-08-07,553.244,568.556,556.332
2015-08-08,572.532,586.563,581.93
2015-08-09,587.136,620.995,604.216
2015-08-10,621.989,642.398,635.72
2015-08-11,642.4,643.954,643.196
2015-08-12,643.957,648.914,646.343
2015-08-13,648.491,652.593,650.622
2015-08-14,652.591,655.29,654.303
2015-08-15,654.585,664.361,658.48
2015-08-16,662.235,664.369,663.299
2015-08-17,661.529,665.071,663.833
2015-08-18,663.531,666.64,665.287
2015-08-19,661.415,664.374,663.437
2015-08-20,658.025,662.714,660.409
2015-08-21,652.957,678.597,657.449
2015-08-22,674.766,680.576,677.328
2015-08-23,671.781,677.311,673.339
2015-08-24,670.369,672.782,671.506
2015-08-25,669.377,712.715,683.826
2015-08-26,713.713,740.888,732.723
2015-08-27,739.055,743.298,740.498
2015-08-28,740.044,776.714,751.684
2015-08-29,760.736,814.861,789.443
2015-08-30,734.133,757.481,742.754
2015-08-31,725.34,733.715,729.185
2015-09-01,717.698,724.78,722.396
2015-09-02,709.807,719.255,714.562
2015-09-03,691.524,709.384,702.253
2015-09-04,672.78,696.251,685.042
2015-09-05,642.825,670.944,657.244
2015-09-06,613.668,639.426,625.46
2015-09-07,609.27,643.388,623.418
2015-09-08,643.245,652.272,647.786
2015-09-09,649.43,666.674,659.801
2015-09-10,663.264,667.902,665.855
2015-09-11,667.342,672.692,670.221
2015-09-12,671.552,674.805,673.088
2015-09-13,665.921,672.133,670.134
2015-09-14,652.473,665.233,659.785
2015-09-15,647.628,652.476,650.074
2015-09-16,647.495,658.662,651.256
2015-09-17,660.787,696.742,679.518
2015-09-18,697.169,709.343,705.646
2015-09-19,707.927,711.599,709.586
2015-09-20,704.163,707.934,706.183
2015-09-21,697.692,706.029,702.335
2015-09-22,688.778,697.552,693.74
2015-09-23,665.334,688.966,678.401
2015-09-24,652.585,664.344,655.863
2015-09-25,647.577,664.138,656.038
2015-09-26,640.753,675.18,657.316
2015-09-27,649.554,676.025,655.908
2015-09-28,680.416,700.44,695.892
2015-09-29,666.797,691.397,678.586
2015-09-30,635.257,666.368,655.933
2015-10-01,585.435,633.264,613.035
2015-10-02,557.409,583.323,571.92
2015-10-03,514.509,555.14,538.022
2015-10-04,486.87,514.354,497.641
2015-10-05,516.48,547.335,534.684
2015-10-06,548.323,564.291,556.814
2015-10-07,549.968,573.917,567.814
2015-10-08,558.452,585.514,575.443
2015-10-09,555.913,582.537,570.294
2015-10-10,523.071,559.883,543.457
2015-10-11,478.841,529.162,502.103
2015-10-12,426.017,483.286,448.117
2015-10-13,387.568,432.823,406.219
2015-10-14,414.952,440.224,427.029
2015-10-15,443.989,473.596,463.363
2015-10-16,467.792,477.555,473.746
2015-10-17,442.125,473.737,461.224
2015-10-18,424.662,452.17,441.451
2015-10-19,411.473,429.206,421.983
2015-10-20,386.958,426.522,406.49
2015-10-21,331.215,415.053,366.38
2015-10-22,262.091,347.434,306.541
2015-10-23,193.774,264.523,232.82
2015-10-24,145.574,195.013,174.125
2015-10-25,56.729,146.56,111.218
2015-10-26,-19.585,98.506,34.673
2015-10-27,-27.212,-3.797,-13.467
2015-10-28,-14.395,-0.483,-8.933
2015-10-29,-14.641,1.245,-9.366
2015-10-30,-14.564,2.821,-9.321
2015-10-31,-13.481,2.908,-8.113
2015-11-01,-12.164,3.671,-7.506
2015-11-02,-11.234,2.809,-6.715
2015-11-03,-10.831,7.48,-5.188
2015-11-04,-9.808,7.458,-4.301
2015-11-05,-10.789,7.823,-4.443
2015-11-06,-8.661,8.566,-2.832
2015-11-07,-9.314,9.304,-2.999
2015-11-08,-9.879,6.7,-3.957
2015-11-09,-11.073,4.143,-5.468
2015-11-10,-10.419,7.838,-3.863
2015-11-11,-7.598,10.45,-1.103
2015-11-12,-6.021,7.583,-1.317
2015-11-13,-9.936,11.648,-1.946
2015-11-14,-7.813,11.4,-0.057
2015-11-15,-7.508,11.541,0.056
2015-11-16,-7.549,8.679,-1.244
2015-11-17,-8.32,6.909,-2.188
2015-11-18,-10.903,6.14,-4.137
2015-11-19,-16.81,3.547,-8.765
2015-11-20,-11.291,8.419,-4.08
2015-11-21,-14.127,-3.093,-8.299
2015-11-22,-19.344,-0.507,-10.826
2015-11-23,-13.384,2.035,-6.998
2015-11-24,-11.113,1.901,-5.999
2015-11-25,-11.475,4.375,-5.342
2015-11-26,-10.609,6.604,-4.807
2015-11-27,-9.677,7.672,-3.197
2015-11-28,-9.041,10.753,-2.206
2015-11-29,-6.468,12.21,0.372
2015-11-30,-4.408,14.542,1.863
2015-12-01,-3.319,11.607,1.932
2015-12-02,-3.728,14.586,2.836
2015-12-03,-5.072,13.161,1.573
2015-12-04,-4.944,14.423,2.665
2015-12-05,-2.46,15.4,4.198
2015-12-06,-0.567,17.43,5.599
2015-12-07,-2.032,15.199,3.988
2015-12-08,-3.645,14.938,3.114
2015-12-09,-4.285,16.498,3.747
2015-12-10,-3.123,16.956,4.847
2015-12-11,-2.797,17.048,5.013
2015-12-12,-2.633,13.875,3.818
2015-12-13,-3.837,13.764,2.519
2015-12-14,-4.995,14.769,2.547
2015-12-15,-3.572,17.354,4.374
2015-12-16,-2.109,14.84,4.774
2015-12-17,-4.791,12.636,1.79
2015-12-18,-5.799,16.953,2.291
2015-12-19,-2.523,18.504,5.28
2015-12-20,-2.139,17.459,5.423
2015-12-21,-2.981,10.175,2.794
2015-12-22,-4.499,13.108,2.129
2015-12-23,-4.978,14.775,2.894
2015-12-24,-3.963,19.882,4.888
2015-12-25,-1.35,20.386,7.128
2015-12-26,-0.138,19.62,7.701
2015-12-27,-1.024,21.553,7.922
2015-12-28,0.271,22.135,8.606
2015-12-29,0.433,20.571,8.08
2015-12-30,-0.841,18.902,7.024
2015-12-31,-1.085,20.851,6.988
2016-01-01,0.296,19.854,7.871
2016-01-02,0.56,20.281,7.646
2016-01-03,0.012,16.497,6.843
2016-01-04,0.486,17.068,5.928
2016-01-05,-0.203,8.667,3.677
2016-01-06,-0.049,12.891,4.282
2016-01-07,1.072,10.699,5.375
2016-01-08,-1.606,16.986,5.216
2016-01-09,0.733,19.871,7.743
2016-01-10,-1.236,20.589,7.067
2016-01-11,-0.086,19.608,7.751
2016-01-12,0.468,16.908,6.763
2016-01-13,-2.148,20.299,6.28
2016-01-14,-0.856,19.18,7.246
2016-01-15,-0.826,20.569,7.081
2016-01-16,-0.46,21.135,7.906
2016-01-17,0.132,22.115,8.848
2016-01-18,1.403,23.402,9.51
2016-01-19,1.511,24.412,10.294
2016-01-20,3.67,24.129,11.379
2016-01-21,4.173,24.588,11.826
2016-01-22,2.78,25.469,11.272
2016-01-23,5.766,22.28,11.999
2016-01-24,-3.787,9.373,1.068
2016-01-25,-7.477,1.602,-4.036
2016-01-26,-12.285,11.314,-1.701
2016-01-27,-13.511,2.3,-5.227
2016-01-28,-16.04,9.417,-5.51
2016-01-29,-9.345,9.132,-0.99
2016-01-30,-9.615,16.016,1.289
2016-01-31,-4.504,16.707,3.121
2016-02-01,-6.402,14.005,1.046
2016-02-02,-13.261,9.347,-2.201
2016-02-03,-9.158,16.143,1.668
2016-02-04,-6.172,15.15,2.657
2016-02-05,-5.273,15.719,3.312
2016-02-06,-6.061,16.856,3.892
2016-02-07,-4.37,16.576,4.393
2016-02-08,-3.362,17.853,4.672
2016-02-09,-2.78,20.699,6.233
2016-02-10,1.221,20.273,8.001
2016-02-11,-2.446,19.127,6.361
2016-02-12,-2.218,18.276,5.558
2016-02-13,-3.537,17.308,4.599
2016-02-14,-2.631,18.291,5.267
2016-02-15,-0.416,21.261,7.255
2016-02-16,-0.166,18.151,7.066
2016-02-17,-1.927,18.294,5.71
2016-02-18,-1.277,16.777,5.742
2016-02-19,-0.787,18.86,6.076
2016-02-20,0.756,22.395,8.187
2016-02-21,1.569,22.408,9.47
2016-02-22,2.768,22.853,10.155
2016-02-23,3.655,22.61,10.824
2016-02-24,2.013,20.556,9.65
2016-02-25,0.089,18.44,7.168
2016-02-26,-2.622,16.236,4.804
2016-02-27,-4.007,14.131,3.665
2016-02-28,-3.954,17.675,4.2
2016-02-29,-1.662,18.055,5.88
2016-03-01,0.592,21.266,7.345
2016-03-02,0.93,20.692,8.37
2016-03-03,-17.447,7.836,-0.916
2016-03-04,-33.418,6.79,-15.399
2016-03-05,-30.826,9.471,-12.305
2016-03-06,-31.084,-4.788,-18.238
2016-03-07,-34.959,4.67,-17.202
2016-03-08,-38.491,2.41,-18.895
2016-03-09,-37.071,4.106,-17.642
2016-03-10,-37.139,4.373,-17.756
2016-03-11,-34.523,6.63,-15.267
2016-03-12,-31.262,5.068,-14.323
2016-03-13,-34.427,3.68,-16.609
2016-03-14,-33.343,2.983,-16.268
2016-03-15,-34.276,5.241,-15.623
2016-03-16,-30.819,-4.476,-17.679
2016-03-17,-40.818,-4.894,-23.425
2016-03-18,-43.611,-3.049,-24.078
2016-03-19,-38.584,-0.291,-20.563
2016-03-20,-39.945,0.49,-20.948
2016-03-21,-39.942,-0.156,-21.149
2016-03-22,-40.984,2.51,-20.664
2016-03-23,-39.134,0.061,-20.078
2016-03-24,-31.188,-8.915,-22.165
2016-03-25,-43.986,-2.767,-24.893
2016-03-26,-40.667,-4.998,-23.087
2016-03-27,-38.828,-2.771,-22.074
2016-03-28,-37.391,-2.723,-21.055
2016-03-29,-37.773,-2.569,-20.742
2016-03-30,-37.774,-4.134,-22.207
2016-03-31,-34.217,-20.52,-27.481
2016-04-01,-35.369,-10.831,-24.991
2016-04-02,-36.75,-14.198,-26.347
2016-04-03,-40.02,-22.472,-32.024
2016-04-04,-52.085,-14.25,-33.673
2016-04-05,-50.88,-14.204,-33.254
2016-04-06,-42.765,-21.618,-32.386
2016-04-07,-48.078,-14.563,-32.832
2016-04-08,-45.215,-27.759,-36.333
2016-04-09,-52.926,-16.477,-36.604
2016-04-10,-52.365,-16.724,-35.409
2016-04-11,-47.463,-15.086,-31.886
2016-04-12,-43.053,-15.787,-30.472
2016-04-13,3.007,18.986,10.665
2016-04-14,-3.024,6.272,2.229
2016-04-15,-5.343,3.541,0.583
2016-04-16,-19.61,7.999,-1.089
2016-04-17,0.99,9.102,4.54
2016-04-18,-3.221,15.379,4.95
2016-04-19,-3.648,16.416,4.536
2016-04-20,-0.102,6.448,3.884
2016-04-21,-5.572,17.93,4.448
2016-04-22,-6.912,11.122,5.617
2016-04-23,-6.959,35.856,19.843
2016-04-24,37.541,95.781,83.03
2016-04-25,93.158,96.158,94.657
2016-04-26,89.065,94.954,92.195
2016-04-27,85.843,90.743,88.39
2016-04-28,75.845,87.648,83.167
2016-04-29,66.865,78.415,73.514
2016-04-30,60.047,73.887,68.114
2016-05-01,41.715,59.807,51.388
2016-05-02,22.112,41.581,33.055
2016-05-03,-5.251,24.151,13.164
2016-05-04,-13.721,7.169,-2.048
2016-05-05,-1.5,11.756,4.391
2016-05-06,-5.001,12.685,3.096
2016-05-07,-2.69,14.073,4.404
2016-05-08,-2.032,13.953,6.114
2016-05-09,1.951,14.0,7.388
2016-05-10,3.0,17.069,9.348
2016-05-11,-1.029,12.133,6.387
2016-05-12,-8.289,13.213,1.179
2016-05-13,-1.779,12.673,5.082
2016-05-14,-3.074,7.847,2.114
2016-05-15,-5.035,13.0,1.674
2016-05-16,-2.885,13.044,4.031
2016-05-17,-1.866,13.963,4.937
2016-05-18,-6.95,11.593,1.272
2016-05-19,-5.751,6.458,2.482
2016-05-20,-18.765,2.529,-3.039
2016-05-21,-6.503,8.161,-0.451
2016-05-22,-15.135,8.465,-0.852
2016-05-23,-1.252,13.144,4.954
2016-05-24,-0.614,12.025,4.552
2016-05-25,-1.707,11.257,3.474
2016-05-26,-5.094,8.88,1.668
2016-05-27,-1.425,7.445,2.588
2016-05-28,-2.918,12.121,3.9
2016-05-29,-4.739,5.941,1.121
2016-05-30,-7.093,7.927,-0.471
2016-05-31,-8.824,4.728,-1.245
2016-06-01,-21.418,-2.988,-5.564
2016-06-02,-16.828,-3.653,-9.248
2016-06-03,-10.598,-3.297,-5.411
2016-06-04,-18.144,-0.783,-3.664
2016-06-05,-55.138,-20.393,-38.685
2016-06-06,-77.925,-17.216,-48.382
2016-06-07,-83.994,-17.038,-51.363
2016-06-08,-102.48,-9.217,-51.646
2016-06-09,-94.406,-5.316,-42.405
2016-06-10,-109.978,-5.494,-47.939
2016-06-11,-84.766,-0.858,-29.542
2016-06-12,-9.711,-2.37,-6.171
2016-06-13,-7.063,-0.968,-3.435
2016-06-14,-8.854,2.233,-4.929
2016-06-15,-16.117,1.818,-6.905
2016-06-16,-29.062,0.67,-8.698
2016-06-17,-11.804,2.156,-4.875
2016-06-18,-13.65,2.493,-5.45
2016-06-19,-9.595,3.219,-3.936
2016-06-20,-12.616,2.612,-5.309
2016-06-21,-14.286,3.394,-5.211
2016-06-22,-9.121,3.913,-4.249
2016-06-23,-9.933,-0.723,-6.384
2016-06-24,-11.198,0.727,-6.563
2016-06-25,-11.312,4.31,-4.647
2016-06-26,-7.215,5.203,-2.172
2016-06-27,-4.958,7.869,0.07
2016-06-28,-7.209,7.587,-0.578
2016-06-29,-6.187,5.424,-0.436
2016-06-30,-6.759,3.52,-1.515
2016-07-01,-9.609,5.902,-2.259
2016-07-02,-7.547,3.816,-3.016
2016-07-03,-14.205,-2.029,-7.771
2016-07-04,-19.594,2.227,-7.747
2016-07-05,-18.798,1.835,-7.559
2016-07-06,-18.309,2.334,-8.516
2016-07-07,-14.277,5.33,-5.214
2016-07-08,-16.491,2.982,-6.485
2016-07-09,-11.751,3.681,-4.853
2016-07-10,-9.873,24.061,-2.456
2016-07-11,27.636,123.451,90.876
2016-07-12,115.516,123.64,119.351
2016-07-13,124.077,174.858,142.527
2016-07-14,177.132,198.46,193.946
2016-07-15,196.647,198.377,197.757
2016-07-16,195.876,198.252,197.039
2016-07-17,190.389,200.041,195.245
2016-07-18,196.959,200.196,198.991
2016-07-19,195.974,198.404,197.131
2016-07-20,195.995,201.401,197.945
2016-07-21,198.415,201.408,200.514
2016-07-22,192.91,201.276,197.064
2016-07-23,192.515,218.242,197.306
2016-07-24,221.218,257.725,238.5
2016-07-25,257.867,271.1,266.872
2016-07-26,270.244,271.672,271.008
2016-07-27,270.534,271.958,271.052
2016-07-28,269.972,271.826,270.801
2016-07-29,269.862,272.407,270.947
2016-07-30,269.164,272.439,270.651
2016-07-31,271.016,278.681,276.218
2016-08-01,276.563,281.818,279.024
2016-08-02,271.894,284.378,277.696
2016-08-03,268.918,283.102,273.499
2016-08-04,261.277,274.886,268.022
2016-08-05,256.328,268.088,262.418
2016-08-06,248.56,265.01,257.553
2016-08-07,245.296,271.126,253.158
2016-08-08,233.911,251.752,243.615
2016-08-09,225.151,241.174,234.107
2016-08-10,212.975,229.418,223.49
2016-08-11,205.904,222.502,214.071
2016-08-12,195.433,214.451,206.404
2016-08-13,186.321,216.482,205.66
2016-08-14,177.402,187.993,182.58
2016-08-15,170.644,183.535,176.168
2016-08-16,143.893,169.849,156.537
2016-08-17,144.76,153.129,147.944
2016-08-18,152.128,166.152,160.62
2016-08-19,166.43,173.383,170.966
2016-08-20,171.187,177.027,174.22
2016-08-21,159.544,183.94,173.306
2016-08-22,114.43,169.442,146.647
2016-08-23,87.579,133.369,112.493
2016-08-24,60.728,100.632,83.263
2016-08-25,41.621,73.147,54.814
2016-08-26,8.111,45.341,32.855
2016-08-27,-4.25,13.705,3.946
2016-08-28,-26.933,2.794,-6.54
2016-08-29,-54.728,9.77,-12.348
2016-08-30,-3.364,3.642,0.0
2016-08-31,-5.806,7.932,-1.05
2016-09-01,-90.296,4.91,-29.895
2016-09-02,-75.14,6.802,-26.917
2016-09-03,-67.814,3.31,-26.484
2016-09-04,-55.386,4.795,-26.215
2016-09-05,-40.627,7.461,-17.4
2016-09-06,-37.564,13.06,-9.781
2016-09-07,-7.008,18.1,3.195
2016-09-08,-5.098,21.921,5.874
2016-09-09,-1.994,16.623,6.107
2016-09-10,-0.08,26.206,10.922
2016-09-11,-1.473,19.592,6.66
2016-09-12,-10.483,2.551,-5.064
2016-09-13,-21.682,3.154,-6.868
2016-09-14,-7.89,15.452,2.497
2016-09-15,-4.353,13.712,4.437
2016-09-16,-4.576,6.589,1.676
2016-09-17,-14.147,16.813,2.478
2016-09-18,-4.821,20.215,6.173
2016-09-19,1.034,27.846,12.485
2016-09-20,4.692,29.913,15.298
2016-09-21,5.142,29.621,15.218
2016-09-22,2.089,27.495,13.001
2016-09-23,2.191,29.097,13.52
2016-09-24,3.433,31.296,15.737
2016-09-25,5.012,33.64,16.885
2016-09-26,3.419,34.463,17.115
2016-09-27,5.763,34.072,18.286
2016-09-28,5.28,37.092,19.47
2016-09-29,6.391,27.8,15.913
2016-09-30,1.016,29.995,13.352
2016-10-01,4.269,26.457,13.65
2016-10-02,-0.172,32.889,14.692
2016-10-03,4.7,32.227,16.465
2016-10-04,0.801,26.677,12.287
2016-10-05,3.509,33.403,16.744
2016-10-06,5.548,18.754,11.889
2016-10-07,-5.176,29.022,10.418
2016-10-08,-0.957,30.51,12.813
2016-10-09,-0.092,34.869,15.462
2016-10-10,4.631,33.332,16.85
2016-10-11,4.387,23.103,12.108
2016-10-12,-7.8,5.406,-0.439
2016-10-13,-6.923,19.363,5.161
2016-10-14,0.159,17.41,8.661
2016-10-15,-7.569,6.263,0.127
2016-10-16,-6.473,34.997,16.846
2016-10-17,25.735,39.224,33.054
2016-10-18,23.386,27.582,24.926
2016-10-19,7.435,41.485,25.073
2016-10-20,-20.814,11.147,-0.162
2016-10-21,-8.274,21.143,5.455
2016-10-22,-1.868,26.396,11.403
2016-10-23,-0.129,25.026,11.109
2016-10-24,0.999,20.177,9.765
2016-10-25,-0.075,25.342,10.854
2016-10-26,0.685,37.077,17.516
2016-10-27,5.176,42.774,22.841
2016-10-28,10.54,47.057,27.418
2016-10-29,9.4,43.231,25.58
2016-10-30,8.701,38.859,22.206
2016-10-31,-4.398,25.71,13.439
2016-11-01,-21.554,16.252,-1.957
2016-11-02,-5.544,27.235,9.763
2016-11-03,4.869,30.665,17.652
2016-11-04,8.584,46.287,25.397
2016-11-05,13.718,49.489,29.917
2016-11-06,12.048,41.094,25.794
2016-11-07,8.518,48.194,25.573
2016-11-08,10.975,45.411,26.16
2016-11-09,6.743,44.756,24.552
2016-11-10,7.614,45.326,25.083
2016-11-11,6.411,45.654,24.908
2016-11-12,7.469,38.587,21.989
2016-11-13,4.159,39.678,19.874
2016-11-14,1.499,33.171,15.366
2016-11-15,-1.102,39.781,17.21
2016-11-16,2.808,38.597,18.566
2016-11-17,0.024,47.911,21.917
2016-11-18,8.678,50.473,28.109
2016-11-19,6.82,48.167,26.468
2016-11-20,4.857,30.171,15.758
2016-11-21,-4.972,40.139,15.887
2016-11-22,4.905,47.703,24.189
2016-11-23,5.468,43.683,18.46
2016-11-24,1.027,27.361,11.891
2016-11-25,2.996,33.161,16.01
2016-11-26,-4.055,29.559,10.262
2016-11-27,4.176,42.365,19.413
2016-11-28,3.265,47.826,23.818
2016-11-29,11.535,50.282,29.422
2016-11-30,13.686,54.182,31.916
2016-12-01,12.002,53.137,30.412
2016-12-02,11.035,54.668,30.727
2016-12-03,12.383,52.905,30.993
2016-12-04,-0.936,42.715,20.129
2016-12-05,-9.732,38.053,10.618
2016-12-06,1.749,44.256,21.874
2016-12-07,4.014,46.513,24.649
2016-12-08,8.982,43.135,25.112
2016-12-09,8.996,39.462,21.725
2016-12-10,4.839,23.782,12.522
2016-12-11,-4.335,48.788,18.727
2016-12-12,3.092,43.963,21.938
2016-12-13,-0.874,49.125,23.074
2016-12-14,7.734,57.934,31.377
2016-12-15,12.499,59.135,34.466
2016-12-16,11.596,55.288,32.371
2016-12-17,9.729,43.51,26.348
2016-12-18,3.673,54.081,27.179
2016-12-19,7.719,58.125,31.197
2016-12-20,7.031,53.738,28.957
2016-12-21,5.998,41.114,23.728
2016-12-22,3.097,52.281,25.951
2016-12-23,3.863,53.787,27.522
2016-12-24,3.655,50.064,25.813
2016-12-25,-0.357,42.212,19.63
2016-12-26,-5.398,47.84,17.993
2016-12-27,-2.272,59.599,26.372
2016-12-28,9.837,63.061,34.955
2016-12-29,12.96,63.586,36.159
2016-12-30,7.663,61.602,33.4
2016-12-31,9.896,57.632,30.737
2017-01-01,1.393,59.514,28.859
2017-01-02,2.173,56.957,28.613
2017-01-03,-0.907,51.567,24.073
2017-01-04,-4.153,53.343,22.623
2017-01-05,-0.616,61.243,27.916
2017-01-06,2.874,59.665,29.503
2017-01-07,3.502,57.925,28.806
2017-01-08,5.175,53.708,25.971
2017-01-09,-2.426,34.853,13.527
2017-01-10,1.632,49.766,23.561
2017-01-11,1.97,58.497,28.625
2017-01-12,7.633,61.453,32.425
2017-01-13,7.879,59.758,31.718
2017-01-14,7.942,62.17,31.196
2017-01-15,4.869,60.465,30.548
2017-01-16,3.706,59.458,29.692
2017-01-17,2.739,62.449,28.288
2017-01-18,5.117,62.871,32.597
2017-01-19,8.106,63.022,33.921
2017-01-20,12.661,68.798,39.127
2017-01-21,18.039,68.001,40.927
2017-01-22,11.07,65.981,36.76
2017-01-23,9.675,62.087,32.96
2017-01-24,5.072,62.092,31.423
2017-01-25,8.296,64.217,32.94
2017-01-26,8.367,67.135,35.401
2017-01-27,13.866,66.804,38.902
2017-01-28,15.694,66.237,37.792
2017-01-29,12.159,62.587,34.97
2017-01-30,6.381,59.385,30.834
2017-01-31,3.358,59.784,29.755
2017-02-01,3.137,59.49,29.13
2017-02-02,2.455,52.645,25.596
2017-02-03,-0.625,41.891,17.529
2017-02-04,-10.131,15.145,2.956
2017-02-05,-23.957,39.122,4.507
2017-02-06,-5.83,48.209,19.432
2017-02-07,-2.372,48.275,21.458
2017-02-08,-2.48,45.77,18.979
2017-02-09,-2.233,49.63,21.485
2017-02-10,1.713,55.1,25.375
2017-02-11,-1.213,52.219,23.721
2017-02-12,-1.772,54.915,24.737
2017-02-13,5.797,53.639,23.34
2017-02-14,-0.253,56.192,24.848
2017-02-15,2.531,52.075,24.929
2017-02-16,-1.619,43.883,17.711
2017-02-17,-8.114,41.132,11.148
2017-02-18,-20.071,37.819,5.884
2017-02-19,-9.63,45.938,16.121
2017-02-20,-2.534,53.785,22.942
2017-02-21,4.541,56.757,27.439
2017-02-22,9.479,59.65,31.722
2017-02-23,13.89,62.585,33.387
2017-02-24,8.428,59.259,25.749
2017-02-25,-4.478,49.807,14.304
2017-02-26,-7.773,37.139,12.855
2017-02-27,-5.587,32.747,11.661
2017-02-28,-5.641,36.243,11.457
2017-03-01,-9.014,29.835,7.205
2017-03-02,-18.417,10.877,-5.584
2017-03-03,-19.221,31.842,4.3
2017-03-04,-13.385,32.765,6.668
2017-03-05,-22.101,34.752,4.904
2017-03-06,-19.827,37.378,7.711
2017-03-07,-8.15,38.083,12.44
2017-03-08,-27.258,8.782,-6.466
2017-03-09,-30.808,-18.76,-25.061
2017-03-10,-38.934,7.388,-18.468
2017-03-11,-30.547,15.782,-9.747
2017-03-12,-28.665,25.911,-2.821
2017-03-13,-12.13,37.73,10.403
2017-03-14,-8.35,27.49,7.155
2017-03-15,-17.882,32.139,5.397
2017-03-16,-14.497,35.629,8.261
2017-03-17,-9.699,38.069,11.57
2017-03-18,-8.618,36.322,12.187
2017-03-19,-8.58,37.596,12.44
2017-03-20,-7.94,35.484,6.722
2017-03-21,-19.088,32.33,3.168
2017-03-22,-14.62,35.649,8.337
2017-03-23,-8.468,37.889,12.725
2017-03-24,-10.519,35.528,10.541
2017-03-25,-17.541,31.933,5.061
2017-03-26,-18.111,28.352,3.056
2017-03-27,-14.312,30.983,5.518
2017-03-28,-13.232,32.935,6.995
2017-03-29,-14.03,26.202,2.162
2017-03-30,-24.369,24.144,-2.297
2017-03-31,-20.951,27.869,1.396
2017-04-01,-15.244,18.573,-0.74
2017-04-02,-29.221,18.15,-8.145
2017-04-03,-23.842,24.187,-1.955
2017-04-04,-20.866,19.978,-3.368
2017-04-05,-25.41,22.438,-3.612
2017-04-06,-18.697,20.922,-1.998
2017-04-07,-48.98,-5.953,-31.049
2017-04-08,-52.789,-14.38,-29.093
2017-04-09,-32.51,-0.285,-18.546
2017-04-10,-30.069,4.514,-14.41
2017-04-11,-21.652,8.979,-8.376
2017-04-12,-17.495,12.869,-4.83
2017-04-13,-18.244,13.388,-4.63
2017-04-14,-19.016,11.728,-6.493
2017-04-15,-20.527,5.456,-11.509
2017-04-16,-21.502,8.984,-9.479
2017-04-17,-17.939,11.865,-5.861
2017-04-18,-16.847,13.034,-3.527
2017-04-19,-22.827,6.164,-10.119
2017-04-20,-24.644,-14.222,-20.327
2017-04-21,-35.657,-6.651,-22.18
2017-04-22,-31.488,-2.477,-17.568
2017-04-23,-28.443,-1.685,-18.046
2017-04-24,-34.857,-11.311,-22.847
2017-04-25,-55.318,-26.05,-36.893
2017-04-26,-62.33,-14.61,-33.859
2017-04-27,-35.853,-8.391,-23.531
2017-04-28,-30.973,-1.888,-17.807
2017-04-29,-27.571,1.439,-14.078
2017-04-30,-24.691,4.343,-11.533
2017-05-01,-22.959,3.157,-11.488
2017-05-02,-23.263,-9.785,-17.262
2017-05-03,-31.259,0.444,-17.196
2017-05-04,-27.073,1.199,-14.707
2017-05-05,-25.383,2.845,-13.139
2017-05-06,-28.883,3.112,-15.044
2017-05-07,-31.983,-19.543,-26.486
2017-05-08,-32.463,-23.417,-27.298
2017-05-09,-50.609,-26.697,-34.646
2017-05-10,-30.159,-13.62,-22.867
2017-05-11,-29.179,-17.357,-24.038
2017-05-12,-31.237,-10.262,-22.33
2017-05-13,-25.608,-18.542,-22.072
2017-05-14,-33.614,-24.77,-29.098
2017-05-15,-49.516,-29.355,-35.962
2017-05-16,-52.104,-15.656,-29.573
2017-05-17,-33.651,-16.827,-25.836
2017-05-18,-45.326,-17.066,-29.38
2017-05-19,-66.306,-17.517,-34.787
2017-05-20,-83.014,-17.184,-42.8
2017-05-21,-33.423,-18.388,-27.784
2017-05-22,-37.183,-26.893,-31.377
2017-05-23,-44.217,-28.138,-31.679
2017-05-24,-50.752,-19.849,-30.085
2017-05-25,-31.031,-28.175,-29.145
2017-05-26,-53.762,-28.636,-34.625
2017-05-27,-92.354,-19.186,-52.823
2017-05-28,-86.389,-18.599,-46.257
2017-05-29,-80.955,-16.966,-42.677
2017-05-30,-64.952,-13.315,-30.929
2017-05-31,-55.859,-12.598,-28.569
2017-06-01,-75.859,-15.453,-39.463
2017-06-02,-63.224,-20.407,-35.888
2017-06-03,-33.662,-24.721,-27.391
2017-06-04,-49.909,-27.327,-33.347
2017-06-05,-84.482,-43.722,-62.013
2017-06-06,-95.45,-35.487,-65.666
2017-06-07,-40.74,29.357,-16.196
2017-06-08,15.718,18.571,17.754
2017-06-09,16.97,18.431,17.523
2017-06-10,16.918,18.25,17.531
2017-06-11,15.747,18.216,17.138
2017-06-12,13.119,17.18,15.462
2017-06-13,9.6,14.151,12.044
2017-06-14,3.869,10.358,7.897
2017-06-15,-0.233,4.927,2.686
2017-06-16,9.249,66.39,43.584
2017-06-17,63.098,74.214,67.444
2017-06-18,74.083,82.467,77.184
2017-06-19,82.887,90.253,86.684
2017-06-20,77.146,90.374,85.281
2017-06-21,78.159,85.282,80.345
2017-06-22,93.506,250.27,188.43
2017-06-23,255.519,283.618,278.711
2017-06-24,282.063,285.327,283.414
2017-06-25,285.613,368.471,317.921
2017-06-26,352.103,371.038,359.502
2017-06-27,346.158,350.414,348.733
2017-06-28,341.466,346.161,344.1
2017-06-29,338.484,343.022,340.774
2017-06-30,338.631,344.297,340.953
2017-07-01,327.574,339.061,334.5
2017-07-02,320.37,334.266,329.543
2017-07-03,324.503,330.178,326.682
2017-07-04,323.811,331.627,327.723
2017-07-05,330.921,337.864,333.887
2017-07-06,338.716,343.808,341.267
2017-07-07,342.673,351.452,346.858
2017-07-08,349.33,353.448,350.958
2017-07-09,349.181,352.301,350.628
2017-07-10,350.625,361.397,355.875
2017-07-11,347.923,361.672,355.167
2017-07-12,350.63,362.546,355.512
2017-07-13,354.764,411.46,388.099
2017-07-14,386.783,424.355,409.291
2017-07-15,412.591,448.735,432.567
2017-07-16,448.597,456.966,453.034
2017-07-17,457.246,462.344,460.285
2017-07-18,462.763,468.872,465.826
2017-07-19,467.886,471.275,469.687
2017-07-20,470.304,473.416,471.833
2017-07-21,468.765,472.575,470.719
2017-07-22,461.12,469.48,464.93
2017-07-23,460.273,472.454,465.716
2017-07-24,472.742,475.849,474.302
2017-07-25,475.859,489.055,480.984
2017-07-26,485.113,500.416,492.695
2017-07-27,492.347,509.069,502.623
2017-07-28,486.564,510.773,502.487
2017-07-29,496.053,510.085,506.324
2017-07-30,495.67,511.952,506.403
2017-07-31,484.948,516.109,507.758
2017-08-01,495.698,521.05,512.643
2017-08-02,481.676,526.586,510.178
2017-08-03,477.992,521.498,502.978
2017-08-04,459.299,515.982,489.434
2017-08-05,442.332,484.973,467.5
2017-08-06,477.044,481.583,480.349
2017-08-07,480.448,488.516,482.743
2017-08-08,489.498,495.299,493.523
2017-08-09,494.031,531.003,508.33
2017-08-10,531.846,559.888,548.673
2017-08-11,559.888,575.897,568.625
2017-08-12,576.885,584.245,580.844
2017-08-13,584.1,613.711,595.969
2017-08-14,615.554,626.731,621.28
2017-08-15,626.869,629.282,628.133
2017-08-16,629.291,631.698,630.268
2017-08-17,630.135,635.514,633.231
2017-08-18,632.603,659.496,641.485
2017-08-19,660.206,668.261,664.749
2017-08-20,664.863,667.832,666.284
2017-08-21,665.141,669.402,667.745
2017-08-22,664.781,696.919,673.09
2017-08-23,699.039,731.001,719.878
2017-08-24,730.295,738.486,734.405
2017-08-25,738.489,750.788,743.05
2017-08-26,751.078,758.008,755.122
2017-08-27,756.582,759.411,757.987
2017-08-28,757.432,768.603,761.802
2017-08-29,769.599,777.38,774.041
2017-08-30,777.102,783.754,780.752
2017-08-31,779.941,786.461,783.868
2017-09-01,782.937,806.838,789.72
2017-09-02,808.118,818.293,813.6
2017-09-03,819.287,824.087,821.976
2017-09-04,820.837,824.66,822.906
2017-09-05,820.41,827.345,823.366
2017-09-06,822.393,831.59,828.578
2017-09-07,824.952,833.443,830.497
2017-09-08,820.609,829.359,824.116
2017-09-09,801.966,819.499,809.259
2017-09-10,786.445,801.993,791.614
2017-09-11,779.236,786.312,782.65
2017-09-12,775.131,787.584,779.317
2017-09-13,760.225,777.3,768.713
2017-09-14,751.059,758.261,754.091
2017-09-15,740.298,756.993,749.584
2017-09-16,737.648,760.399,747.694
2017-09-17,686.81,734.684,715.383
2017-09-18,610.722,682.005,646.978
2017-09-19,539.283,604.786,569.581
2017-09-20,488.026,532.906,510.072
2017-09-21,440.547,486.043,465.639
2017-09-22,385.519,445.42,418.914
2017-09-23,325.143,387.548,362.506
2017-09-24,264.889,322.463,297.743
2017-09-25,216.356,263.08,242.324
2017-09-26,155.701,214.456,190.978
2017-09-27,94.055,156.453,132.039
2017-09-28,27.492,93.26,66.678
2017-09-29,5.966,24.97,15.728
2017-09-30,22.838,120.267,81.863
2017-10-01,121.305,140.207,135.075
2017-10-02,139.648,142.141,141.013
2017-10-03,142.697,162.791,154.282
2017-10-04,152.241,206.528,176.707
2017-10-05,202.147,208.255,205.54
2017-10-06,198.049,206.848,202.34
2017-10-07,178.52,202.614,194.538
2017-10-08,171.901,186.498,180.776
2017-10-09,158.722,171.347,166.792
2017-10-10,150.368,163.586,157.121
2017-10-11,144.284,169.412,154.779
2017-10-12,128.745,156.627,143.658
2017-10-13,105.735,141.42,123.709
2017-10-14,70.357,112.117,93.685
2017-10-15,16.98,70.759,50.76
2017-10-16,-5.764,14.746,1.433
2017-10-17,-37.423,17.233,-2.183
2017-10-18,-6.752,25.968,7.405
2017-10-19,-10.003,28.684,6.535
2017-10-20,-4.259,18.075,5.185
2017-10-21,-13.802,32.75,5.646
2017-10-22,-7.771,34.018,10.008
2017-10-23,-8.033,31.328,8.308
2017-10-24,-8.501,34.73,10.91
2017-10-25,-6.09,36.87,12.511
2017-10-26,-5.654,38.6,12.248
2017-10-27,-9.08,38.162,11.964
2017-10-28,-11.142,23.707,1.738
2017-10-29,-20.446,10.36,-6.184
2017-10-30,-20.95,23.573,0.597
2017-10-31,-8.396,20.694,4.405
2017-11-01,-13.614,0.599,-7.694
2017-11-02,-2.114,11.862,4.467
2017-11-03,-16.092,12.598,2.942
2017-11-04,-19.63,4.273,-8.913
2017-11-05,-7.437,19.036,4.16
2017-11-06,-3.245,19.379,6.412
2017-11-07,-7.62,23.606,5.765
2017-11-08,-8.761,33.7,9.047
2017-11-09,-5.612,37.167,11.59
2017-11-10,-8.931,39.303,14.308
2017-11-11,-4.411,45.272,18.2
2017-11-12,-6.394,47.024,18.54
2017-11-13,-4.096,45.56,19.413
2017-11-14,-4.003,40.098,14.815
2017-11-15,-14.454,26.025,4.796
2017-11-16,-15.154,36.592,9.273
2017-11-17,-10.554,30.81,8.456
2017-11-18,-16.438,39.753,9.998
2017-11-19,-9.655,38.563,12.6
2017-11-20,-8.122,15.754,2.613
2017-11-21,-20.059,37.981,7.238
2017-11-22,-9.966,43.1,15.031
2017-11-23,-8.75,44.304,16.48
2017-11-24,-7.308,41.422,15.877
2017-11-25,-9.417,50.175,18.389
2017-11-26,-2.156,49.578,22.138
2017-11-27,-3.903,47.382,20.424
2017-11-28,-2.324,49.717,21.827
2017-11-29,-5.298,46.376,19.303
2017-11-30,0.193,45.61,17.85
2017-12-01,-1.015,40.364,18.855
2017-12-02,-3.096,45.31,17.676
2017-12-03,-7.308,48.865,18.673
2017-12-04,-4.286,44.508,17.729
2017-12-05,-1.68,50.128,21.782
2017-12-06,-4.744,49.638,22.153
2017-12-07,-3.834,51.918,22.823
2017-12-08,-4.624,48.739,20.139
2017-12-09,-7.003,51.598,21.338
2017-12-10,-0.489,57.346,27.405
2017-12-11,5.147,55.133,27.575
2017-12-12,-2.394,50.331,21.982
2017-12-13,-5.784,46.81,19.289
2017-12-14,-5.994,51.324,20.991
2017-12-15,-3.192,53.633,23.747
2017-12-16,-2.734,40.891,16.272
2017-12-17,-11.51,51.166,18.894
2017-12-18,-2.393,49.77,22.674
2017-12-19,-4.518,55.272,24.847
2017-12-20,-2.261,49.495,23.335
2017-12-21,-4.876,53.604,23.208
2017-12-22,-6.078,49.024,20.805
2017-12-23,-8.958,50.555,20.589
2017-12-24,-9.181,52.114,20.935
2017-12-25,-4.245,56.57,24.146
2017-12-26,-2.226,52.743,23.293
2017-12-27,-3.833,53.123,23.963
2017-12-28,-2.105,56.187,26.609
2017-12-29,-0.974,55.323,25.855
2017-12-30,-3.283,26.014,11.348
2017-12-31,-1.245,41.62,16.097
2018-01-01,-7.852,46.804,18.806
2018-01-02,-0.069,44.526,19.009
2018-01-03,-4.137,44.784,19.201
2018-01-04,-6.199,35.56,12.056
2018-01-05,-15.234,32.774,6.495
2018-01-06,-9.412,48.582,18.946
2018-01-07,3.476,57.644,28.856
2018-01-08,10.172,53.224,31.45
2018-01-09,6.023,56.212,29.767
2018-01-10,6.46,54.93,28.38
2018-01-11,4.843,57.9,29.833
2018-01-12,4.638,56.635,29.718
2018-01-13,3.048,49.841,25.485
2018-01-14,3.003,52.114,24.736
2018-01-15,0.791,48.763,23.149
2018-01-16,-5.182,50.599,21.573
2018-01-17,-4.021,49.6,22.782
2018-01-18,1.098,56.582,24.701
2018-01-19,3.555,60.882,29.676
2018-01-20,1.568,47.875,23.447
2018-01-21,-10.691,17.392,-1.613
2018-01-22,-11.397,21.101,1.875
2018-01-23,-15.877,34.006,7.841
2018-01-24,-9.268,44.461,15.283
2018-01-25,-7.609,47.363,18.298
2018-01-26,-7.962,44.72,17.44
2018-01-27,-12.794,48.232,16.635
2018-01-28,-6.056,53.822,22.094
2018-01-29,0.876,54.088,25.527
2018-01-30,-4.615,53.644,23.332
2018-01-31,1.984,58.467,28.595
2018-02-01,6.027,57.769,29.448
2018-02-02,2.407,59.072,28.786
2018-02-03,8.732,57.933,32.006
2018-02-04,9.43,59.211,33.148
2018-02-05,15.441,59.116,33.995
2018-02-06,7.114,55.378,28.69
2018-02-07,-0.975,53.497,24.783
2018-02-08,-2.584,47.968,20.699
2018-02-09,-9.973,45.778,15.689
2018-02-10,-13.371,41.475,12.989
2018-02-11,-11.003,47.306,14.794
2018-02-12,-3.795,54.246,22.77
2018-02-13,3.036,55.902,27.314
2018-02-14,2.876,54.064,27.674
2018-02-15,7.74,55.206,29.363
2018-02-16,1.133,54.914,27.181
2018-02-17,7.127,57.627,29.545
2018-02-18,2.483,49.102,22.202
2018-02-19,-4.283,41.026,13.487
2018-02-20,-12.439,28.82,5.763
2018-02-21,-13.559,39.858,11.253
2018-02-22,-6.179,43.51,16.636
2018-02-23,-4.523,35.386,12.185
2018-02-24,-9.209,39.089,13.073
2018-02-25,-5.569,46.093,17.693
2018-02-26,-2.776,45.005,19.413
2018-02-27,-5.03,37.343,14.496
2018-02-28,-7.734,42.365,15.843
2018-03-01,-4.993,45.574,18.505
2018-03-02,-0.913,47.274,21.253
2018-03-03,-2.938,44.12,19.635
2018-03-04,-4.279,41.915,17.56
2018-03-05,-4.798,47.184,18.987
2018-03-06,0.242,49.624,22.662
2018-03-07,3.523,46.902,24.095
2018-03-08,-2.254,45.661,20.162
2018-03-09,-1.182,39.788,16.665
2018-03-10,-13.525,25.925,5.387
2018-03-11,-18.258,33.994,6.897
2018-03-12,-15.59,31.713,7.109
2018-03-13,-16.799,32.403,6.816
2018-03-14,-18.251,20.996,0.35
2018-03-15,-19.474,33.417,4.548
2018-03-16,-12.412,30.02,7.217
2018-03-17,-28.494,0.582,-13.404
2018-03-18,-10.766,-0.427,-5.911
2018-03-19,-33.234,-8.194,-17.381
2018-03-20,-43.662,0.687,-22.535
2018-03-21,-22.851,13.786,-5.4
2018-03-22,-18.052,12.94,-3.461
2018-03-23,-21.617,11.206,-6.319
2018-03-24,-23.278,13.497,-5.198
2018-03-25,-20.032,19.611,-1.184
2018-03-26,-10.247,23.645,4.183
2018-03-27,-13.247,27.088,5.264
2018-03-28,-10.868,29.857,6.675
2018-03-29,-7.116,32.714,11.098
2018-03-30,-5.95,33.341,11.505
2018-03-31,-3.941,32.483,12.068
2018-04-01,-7.322,33.451,10.94
2018-04-02,-5.888,32.249,11.332
2018-04-03,-9.034,29.441,8.709
2018-04-04,-9.307,25.881,5.582
2018-04-05,-11.65,12.729,-1.003
2018-04-06,-28.05,1.928,-13.155
2018-04-07,-35.467,0.186,-17.607
2018-04-08,-22.228,10.479,-6.65
2018-04-09,-18.432,6.366,-6.055
2018-04-10,-20.511,-13.565,-17.509
2018-04-11,-33.062,-18.748,-25.743
2018-04-12,-47.701,-18.646,-26.099
2018-04-13,-24.934,3.849,-11.838
2018-04-14,-23.101,8.601,-8.161
2018-04-15,-18.304,10.331,-4.823
2018-04-16,-16.301,9.839,-2.539
2018-04-17,-18.73,10.116,-4.744
2018-04-18,-19.618,12.528,-4.566
2018-04-19,-18.429,13.248,-3.361
2018-04-20,-19.087,12.67,-3.88
2018-04-21,-16.443,14.286,-2.86
2018-04-22,-20.96,8.957,-6.602
2018-04-23,-22.024,11.252,-6.73
2018-04-24,-21.619,8.097,-7.538
2018-04-25,-21.576,11.457,-6.46
2018-04-26,-21.283,7.74,-7.599
2018-04-27,-18.896,3.445,-8.285
2018-04-28,-17.217,5.572,-6.332
2018-04-29,-21.094,11.343,-6.17
2018-04-30,-20.259,10.176,-6.078
2018-05-01,-22.504,9.446,-7.757
2018-05-02,-22.729,5.854,-9.824
2018-05-03,-22.571,4.369,-10.558
2018-05-04,-19.629,-1.592,-12.601
2018-05-05,-22.515,5.839,-9.656
2018-05-06,-18.777,6.779,-7.14
2018-05-07,-18.826,5.803,-8.145
2018-05-08,-17.718,7.496,-7.521
2018-05-09,-23.772,4.207,-10.742
2018-05-10,-29.598,0.503,-15.547
2018-05-11,-28.642,4.197,-13.8
2018-05-12,-26.075,4.408,-10.63
2018-05-13,-26.332,-2.458,-15.519
2018-05-14,-2.85,3.528,0.192
2018-05-15,-14.288,-0.515,-4.91
2018-05-16,-3.221,12.852,4.129
2018-05-17,-9.04,7.921,-0.55
2018-05-18,-41.277,14.428,-5.835
2018-05-19,-19.553,17.981,2.925
2018-05-20,0.274,15.735,7.497
2018-05-21,-9.815,17.555,5.064
2018-05-22,-26.596,19.275,1.142
2018-05-23,-6.978,20.759,7.233
2018-05-24,-0.347,24.227,9.987
2018-05-25,-1.994,24.406,9.691
2018-05-26,-7.597,10.468,3.386
2018-05-27,-1.565,6.053,4.052
2018-05-28,-2.644,30.237,11.089
2018-05-29,28.208,36.849,32.667
2018-05-30,36.273,39.818,38.43
2018-05-31,35.492,40.368,38.006
2018-06-01,38.916,42.711,40.844
2018-06-02,31.907,37.798,34.006
2018-06-03,28.612,36.16,32.125
2018-06-04,20.037,33.192,24.706
2018-06-05,17.554,36.316,22.92
2018-06-06,37.594,44.381,41.666
2018-06-07,43.528,46.375,44.961
2018-06-08,43.525,45.767,44.823
2018-06-09,41.48,120.16,59.966
2018-06-10,124.992,202.951,164.551
2018-06-11,205.073,217.957,212.6
2018-06-12,218.396,222.205,220.609
2018-06-13,222.2,224.883,223.676
2018-06-14,225.162,230.258,227.647
2018-06-15,230.114,235.636,232.704
2018-06-16,235.778,243.861,239.145
2018-06-17,238.884,242.454,240.771
2018-06-18,234.22,240.183,237.579
2018-06-19,231.968,238.487,235.085
2018-06-20,227.021,237.238,231.959
2018-06-21,222.37,232.871,228.374
2018-06-22,215.716,231.895,224.904
2018-06-23,210.321,228.921,221.574
2018-06-24,207.921,223.675,216.92
2018-06-25,206.926,218.851,212.033
2018-06-26,207.783,244.976,219.626
2018-06-27,220.483,265.533,239.649
2018-06-28,218.24,245.931,224.987
2018-06-29,244.354,248.616,246.867
2018-06-30,243.77,245.598,244.624
2018-07-01,244.158,248.11,245.913
2018-07-02,249.522,253.771,252.26
2018-07-03,253.185,255.008,254.064
2018-07-04,253.444,288.331,262.53
2018-07-05,290.599,339.103,309.506
2018-07-06,339.806,383.489,367.46
2018-07-07,385.323,402.766,398.028
2018-07-08,402.051,403.038,402.519
2018-07-09,402.465,405.007,403.766
2018-07-10,404.586,408.964,405.617
2018-07-11,404.017,407.559,406.253
2018-07-12,402.739,406.854,405.082
2018-07-13,392.221,415.391,405.856
2018-07-14,371.294,391.093,380.838
2018-07-15,367.305,371.858,369.915
2018-07-16,370.011,374.409,372.25
2018-07-17,372.135,379.224,375.894
2018-07-18,374.54,388.283,380.395
2018-07-19,366.891,411.412,390.699
2018-07-20,378.103,420.357,405.361
2018-07-21,400.508,428.426,417.461
2018-07-22,429.565,448.965,438.433
2018-07-23,419.322,463.833,445.884
2018-07-24,426.53,474.293,458.01
2018-07-25,439.306,486.495,463.355
2018-07-26,427.093,464.959,446.704
2018-07-27,412.499,433.765,422.544
2018-07-28,426.958,450.5,433.476
2018-07-29,427.687,479.28,447.17
2018-07-30,419.905,501.539,466.344
2018-07-31,431.381,506.076,467.726
2018-08-01,415.376,493.611,456.479
2018-08-02,404.61,483.705,441.181
2018-08-03,426.025,474.071,438.386
2018-08-04,443.889,502.274,476.595
2018-08-05,496.749,523.515,507.286
2018-08-06,513.731,528.463,523.791
2018-08-07,531.018,549.852,546.363
2018-08-08,538.512,546.732,542.982
2018-08-09,531.878,541.5,537.544
2018-08-10,508.366,531.023,522.647
2018-08-11,488.389,507.229,499.5
2018-08-12,479.313,489.236,485.675
2018-08-13,483.308,505.533,492.295
2018-08-14,502.981,515.454,510.117
2018-08-15,495.922,531.055,515.538
2018-08-16,446.485,503.725,482.681
2018-08-17,405.842,446.498,426.551
2018-08-18,362.382,403.884,385.522
2018-08-19,345.053,380.334,363.168
2018-08-20,331.775,377.288,354.668
2018-08-21,291.809,355.759,323.509
2018-08-22,260.921,302.608,283.45
2018-08-23,275.823,299.927,287.495
2018-08-24,301.487,309.554,306.933
2018-08-25,293.656,306.702,301.624
2018-08-26,284.693,293.09,288.787
2018-08-27,271.041,287.259,280.267
2018-08-28,238.214,283.872,262.011
2018-08-29,177.353,242.847,205.39
2018-08-30,167.179,182.127,175.056
2018-08-31,152.221,167.018,162.347
2018-09-01,151.368,160.144,156.739
2018-09-02,126.074,161.982,146.463
2018-09-03,34.285,123.896,76.18
2018-09-04,5.705,35.035,21.284
2018-09-05,-22.778,17.861,1.638
2018-09-06,-47.152,36.879,-4.052
2018-09-07,-52.699,29.454,-4.487
2018-09-08,-45.508,35.264,1.991
2018-09-09,6.259,38.299,19.62
2018-09-10,-10.437,39.718,17.898
2018-09-11,-0.185,37.938,19.773
2018-09-12,-5.235,37.533,18.075
2018-09-13,8.659,41.433,22.143
2018-09-14,7.146,45.778,24.511
2018-09-15,6.89,43.547,22.486
2018-09-16,-6.662,38.574,17.784
2018-09-17,12.111,62.963,33.128
2018-09-18,67.708,154.138,104.762
2018-09-19,153.79,166.864,155.324
2018-09-20,153.586,181.698,162.16
2018-09-21,162.344,182.209,175.55
2018-09-22,152.677,161.93,157.244
2018-09-23,141.687,154.9,150.084
2018-09-24,132.33,141.833,138.13
2018-09-25,121.547,135.356,130.138
2018-09-26,101.432,122.418,114.458
2018-09-27,100.196,124.529,115.414
2018-09-28,128.018,217.356,170.782
2018-09-29,223.892,254.114,239.98
2018-09-30,243.895,257.084,249.546
2018-10-01,256.514,260.765,258.443
2018-10-02,256.822,266.738,262.018
2018-10-03,247.183,257.677,254.798
2018-10-04,239.445,256.307,249.734
2018-10-05,211.936,245.827,233.181
2018-10-06,184.303,217.208,204.377
2018-10-07,155.741,185.327,173.901
2018-10-08,154.902,184.643,174.897
2018-10-09,169.782,186.353,180.708
2018-10-10,156.575,174.463,166.869
2018-10-11,141.906,160.547,152.553
2018-10-12,110.846,147.91,131.344
2018-10-13,74.372,116.659,96.595
2018-10-14,33.035,92.414,61.796
2018-10-15,2.141,38.777,21.951
2018-10-16,9.016,30.981,16.714
2018-10-17,12.241,24.797,17.508
2018-10-18,-23.278,40.271,18.429
2018-10-19,16.363,46.463,29.133
2018-10-20,13.968,50.682,30.29
2018-10-21,14.189,51.89,30.645
2018-10-22,17.541,41.263,28.411
2018-10-23,21.642,42.663,29.1
2018-10-24,8.135,37.981,22.891
2018-10-25,16.056,48.486,31.135
2018-10-26,18.394,50.869,33.571
2018-10-27,24.152,46.053,33.16
2018-10-28,19.455,52.576,31.198
2018-10-29,17.777,24.548,20.401
2018-10-30,11.979,42.167,25.329
2018-10-31,14.473,46.61,29.812
2018-11-01,11.921,36.697,23.931
2018-11-02,-4.783,25.702,15.039
2018-11-03,10.134,41.636,24.716
2018-11-04,15.376,47.561,29.917
2018-11-05,14.905,56.665,33.952
2018-11-06,18.715,59.118,37.56
2018-11-07,23.872,63.533,41.414
2018-11-08,21.704,64.214,42.182
2018-11-09,22.039,62.375,40.47
2018-11-10,18.838,53.992,34.568
2018-11-11,17.131,61.423,37.421
2018-11-12,14.23,57.678,33.119
2018-11-13,11.258,39.559,24.715
2018-11-14,11.203,50.784,30.153
2018-11-15,21.296,39.115,30.292
2018-11-16,19.888,56.057,32.082
2018-11-17,11.627,31.566,19.925
2018-11-18,6.365,54.575,28.417
2018-11-19,19.852,64.943,39.985
2018-11-20,21.838,65.372,42.586
2018-11-21,23.242,66.168,43.187
2018-11-22,29.191,69.285,45.905
2018-11-23,28.527,68.388,46.281
2018-11-24,19.775,70.332,44.001
2018-11-25,30.417,69.491,45.797
2018-11-26,24.749,70.015,45.044
2018-11-27,20.622,72.247,45.153
2018-11-28,26.82,71.476,46.556
2018-11-29,26.822,72.615,47.603
2018-11-30,25.764,43.347,35.5
2018-12-01,17.665,60.794,36.172
2018-12-02,20.312,59.496,40.798
2018-12-03,25.918,74.053,47.677
2018-12-04,28.548,62.719,43.264
2018-12-05,18.491,55.819,33.51
2018-12-06,9.666,63.178,34.353
2018-12-07,26.37,75.542,48.328
2018-12-08,28.288,68.239,46.607
2018-12-09,25.113,69.89,46.052
2018-12-10,26.234,71.338,47.442
2018-12-11,29.329,65.838,44.445
2018-12-12,22.384,76.001,46.023
2018-12-13,17.477,66.764,41.02
2018-12-14,5.976,63.425,33.228
2018-12-15,19.606,72.439,44.613
2018-12-16,24.765,75.505,48.28
2018-12-17,27.243,73.574,47.268
2018-12-18,27.706,78.392,51.404
2018-12-19,28.652,73.477,48.947
2018-12-20,24.251,74.483,47.185
2018-12-21,26.033,78.238,51.13
2018-12-22,29.039,78.722,52.28
2018-12-23,30.667,83.098,55.17
2018-12-24,33.175,85.191,57.626
2018-12-25,29.954,83.895,55.677
2018-12-26,30.838,79.737,53.944
2018-12-27,23.266,78.439,49.869
2018-12-28,24.336,76.128,49.381
2018-12-29,23.122,69.168,44.196
2018-12-30,15.899,74.135,44.079
2018-12-31,21.209,76.696,48.654
2019-01-01,22.832,77.99,49.779
2019-01-02,23.701,77.407,49.676
2019-01-03,21.741,80.064,51.11
2019-01-04,30.016,83.965,55.564
2019-01-05,29.305,81.541,54.408
2019-01-06,27.883,77.333,50.896
2019-01-07,21.742,65.971,40.801
2019-01-08,10.526,50.974,26.133
2019-01-09,3.555,31.937,16.857
2019-01-10,7.385,57.965,29.546
2019-01-11,16.204,62.619,38.197
2019-01-12,20.291,65.971,40.875
2019-01-13,25.893,63.527,42.761
2019-01-14,25.348,52.997,38.51
2019-01-15,14.244,68.361,39.926
2019-01-16,26.332,67.862,45.096
2019-01-17,21.803,69.14,44.035
2019-01-18,23.348,75.449,46.77
2019-01-19,28.266,79.551,52.617
2019-01-20,27.008,76.467,49.743
2019-01-21,21.589,78.142,49.503
2019-01-22,23.967,76.914,50.146
2019-01-23,28.47,81.273,53.959
2019-01-24,36.258,83.347,57.093
2019-01-25,29.604,80.645,54.064
2019-01-26,29.182,83.055,54.987
2019-01-27,29.701,80.351,54.313
2019-01-28,27.046,83.051,54.411
2019-01-29,28.43,78.509,52.606
2019-01-30,27.296,76.82,51.046
2019-01-31,27.375,80.514,52.355
2019-02-01,30.426,82.773,54.824
2019-02-02,34.522,79.23,54.593
2019-02-03,31.73,78.115,51.104
2019-02-04,26.235,82.07,50.622
2019-02-05,29.866,83.916,56.089
2019-02-06,31.106,82.065,55.331
2019-02-07,30.181,72.716,50.206
2019-02-08,25.356,64.806,45.825
2019-02-09,23.719,76.985,48.693
2019-02-10,26.347,69.22,45.019
2019-02-11,17.397,35.145,24.8
2019-02-12,7.459,62.38,31.005
2019-02-13,21.741,57.696,37.499
2019-02-14,18.356,76.416,44.886
2019-02-15,32.216,79.408,54.157
2019-02-16,34.931,75.388,54.136
2019-02-17,36.177,76.527,53.655
2019-02-18,26.637,73.133,48.698
2019-02-19,25.319,71.318,46.85
2019-02-20,23.319,72.768,46.206
2019-02-21,28.64,59.023,43.391
2019-02-22,25.001,67.598,44.54
2019-02-23,18.378,67.624,42.277
2019-02-24,15.939,62.676,39.13
2019-02-25,14.881,64.379,38.154
2019-02-26,15.509,68.689,40.731
2019-02-27,19.057,70.759,43.788
2019-02-28,23.904,70.155,45.285
2019-03-01,21.12,63.492,41.606
2019-03-02,20.003,68.661,43.198
2019-03-03,22.031,64.228,40.584
2019-03-04,16.158,59.224,36.067
2019-03-05,11.493,62.458,35.737
2019-03-06,14.437,62.888,37.177
2019-03-07,17.978,61.303,37.595
2019-03-08,16.249,61.432,36.047
2019-03-09,14.934,58.996,34.135
2019-03-10,17.228,67.12,39.267
2019-03-11,19.813,59.388,36.343
2019-03-12,10.197,55.795,31.023
2019-03-13,16.068,60.775,36.456
2019-03-14,12.729,60.488,35.83
2019-03-15,9.546,59.219,33.676
2019-03-16,8.968,58.618,33.03
2019-03-17,11.061,58.149,34.337
2019-03-18,10.843,55.202,31.938
2019-03-19,-0.656,53.045,26.161
2019-03-20,8.047,56.484,30.928
2019-03-21,14.98,56.392,35.901
2019-03-22,12.513,60.14,35.557
2019-03-23,14.765,60.527,37.427
2019-03-24,16.386,59.719,37.553
2019-03-25,17.304,61.265,38.206
2019-03-26,18.201,60.344,37.862
2019-03-27,17.337,59.479,36.895
2019-03-28,18.323,60.095,38.054
2019-03-29,17.434,60.178,37.684
2019-03-30,19.545,60.479,39.289
2019-03-31,23.52,53.493,36.941
2019-04-01,16.561,60.251,36.591
2019-04-02,21.835,62.395,40.473
2019-04-03,22.294,57.076,38.316
2019-04-04,3.272,42.673,22.051
2019-04-05,4.948,49.788,25.634
2019-04-06,7.035,53.131,29.612
2019-04-07,14.648,57.082,34.811
2019-04-08,16.232,56.208,33.729
2019-04-09,11.132,49.99,28.886
2019-04-10,6.344,50.794,27.696
2019-04-11,12.226,52.301,31.17
2019-04-12,9.575,49.61,29.035
2019-04-13,14.681,40.515,25.371
2019-04-14,0.543,40.304,19.967
2019-04-15,-0.142,44.593,22.054
2019-04-16,11.013,47.618,28.145
2019-04-17,10.439,48.701,28.596
2019-04-18,16.446,46.475,30.867
2019-04-19,8.056,45.623,25.635
2019-04-20,9.513,45.138,25.216
2019-04-21,10.802,45.024,26.045
2019-04-22,12.315,45.258,28.023
2019-04-23,14.383,43.03,28.848
2019-04-24,3.008,31.21,20.736
2019-04-25,-5.849,25.449,9.572
2019-04-26,-5.466,28.103,9.934
2019-04-27,-4.907,29.144,10.032
2019-04-28,-5.088,31.688,12.405
2019-04-29,-2.711,26.229,11.527
2019-04-30,-5.775,29.089,10.823
2019-05-01,-3.621,28.235,11.411
2019-05-02,-5.734,16.434,8.075
2019-05-03,-9.869,22.478,2.724
2019-05-04,19.475,56.695,44.282
2019-05-05,48.626,54.253,51.648
2019-05-06,39.318,51.014,45.567
2019-05-07,34.387,45.06,39.874
2019-05-08,22.971,35.879,29.606
2019-05-09,-22.09,29.32,11.859
2019-05-10,28.459,36.368,31.807
2019-05-11,0.74,30.106,17.99
2019-05-12,6.693,30.752,18.611
2019-05-13,-6.087,16.437,5.996
2019-05-14,-15.371,12.835,-1.422
2019-05-15,-1.2,23.52,8.76
2019-05-16,-0.734,18.255,9.345
2019-05-17,-4.853,11.963,1.963
2019-05-18,-17.034,-3.672,-7.376
2019-05-19,-43.235,3.212,-19.99
2019-05-20,-41.135,0.723,-9.326
2019-05-21,-25.644,1.412,-5.288
2019-05-22,-71.174,5.354,-29.149
2019-05-23,-56.579,12.207,-13.438
2019-05-24,-5.91,15.18,4.911
2019-05-25,2.585,17.524,7.967
2019-05-26,1.529,14.295,7.277
2019-05-27,-2.013,7.766,2.955
2019-05-28,-7.848,10.966,2.267
2019-05-29,1.746,21.29,10.88
2019-05-30,24.004,56.129,41.018
2019-05-31,55.454,105.532,69.029
2019-06-01,108.667,112.936,111.702
2019-06-02,109.298,112.046,110.557
2019-06-03,110.108,112.929,111.631
2019-06-04,106.644,112.003,109.691
2019-06-05,107.778,120.575,114.841
2019-06-06,106.597,148.439,127.225
2019-06-07,145.355,146.744,145.919
2019-06-08,145.813,147.377,146.633
2019-06-09,146.82,149.094,147.875
2019-06-10,145.533,149.811,147.567
2019-06-11,145.421,148.263,146.994
2019-06-12,148.977,175.977,156.142
2019-06-13,182.931,217.715,200.167
2019-06-14,218.993,237.596,229.888
2019-06-15,235.477,238.166,237.201
2019-06-16,234.616,236.183,235.466
2019-06-17,235.331,237.745,236.33
2019-06-18,238.315,242.976,241.496
2019-06-19,241.686,244.836,243.258
2019-06-20,242.089,244.65,243.32
2019-06-21,242.362,243.938,243.2
2019-06-22,240.22,243.915,241.948
2019-06-23,237.534,241.938,239.987
2019-06-24,238.524,261.868,248.174
2019-06-25,261.73,263.704,262.81
2019-06-26,258.877,262.858,260.983
2019-06-27,260.088,263.955,262.588
2019-06-28,261.534,273.01,269.155
2019-06-29,273.017,320.965,292.164
2019-06-30,322.112,324.091,323.344
2019-07-01,323.954,327.224,325.886
2019-07-02,326.107,400.567,373.703
2019-07-03,397.294,399.999,398.741
2019-07-04,393.19,402.267,397.649
2019-07-05,394.623,401.582,398.599
2019-07-06,394.918,402.714,398.413
2019-07-07,397.464,403.704,399.897
2019-07-08,397.756,404.157,399.868
2019-07-09,390.178,399.205,395.792
2019-07-10,379.873,397.998,390.77
2019-07-11,379.898,393.086,388.537
2019-07-12,376.787,395.789,388.365
2019-07-13,367.079,394.097,381.924
2019-07-14,368.805,389.062,375.092
2019-07-15,360.342,378.604,369.907
2019-07-16,357.485,374.356,365.893
2019-07-17,337.221,359.21,347.066
2019-07-18,363.745,373.547,370.624
2019-07-19,373.427,374.709,373.965
2019-07-20,371.287,375.838,373.914
2019-07-21,372.289,437.506,409.543
2019-07-22,438.911,444.44,442.842
2019-07-23,439.613,445.146,442.454
2019-07-24,436.224,440.188,438.183
2019-07-25,436.34,438.907,437.477
2019-07-26,435.42,439.347,437.453
2019-07-27,433.088,435.859,434.734
2019-07-28,428.206,436.724,432.118
2019-07-29,437.287,467.717,455.338
2019-07-30,455.931,484.613,471.207
2019-07-31,440.935,455.507,447.185
2019-08-01,446.277,453.349,448.743
2019-08-02,444.958,456.597,452.564
2019-08-03,448.179,461.233,453.282
2019-08-04,446.619,458.949,451.76
2019-08-05,433.883,450.87,442.453
2019-08-06,429.91,448.322,435.413
2019-08-07,437.117,472.693,456.784
2019-08-08,454.69,488.991,473.041
2019-08-09,462.351,513.639,487.223
2019-08-10,461.644,505.576,481.745
2019-08-11,457.388,473.69,463.83
2019-08-12,465.879,487.691,472.945
2019-08-13,466.289,497.049,481.323
2019-08-14,418.549,478.909,460.265
2019-08-15,362.994,416.274,392.146
2019-08-16,322.044,364.697,345.312
2019-08-17,321.054,347.282,335.68
2019-08-18,348.276,365.138,357.258
2019-08-19,366.41,380.435,374.12
2019-08-20,375.465,384.814,381.31
2019-08-21,369.508,377.87,374.221
2019-08-22,365.402,387.52,373.831
2019-08-23,337.043,373.065,361.219
2019-08-24,274.667,334.78,313.357
2019-08-25,216.508,271.984,248.269
2019-08-26,198.71,214.53,207.314
2019-08-27,163.17,197.306,184.982
2019-08-28,140.258,162.349,151.331
2019-08-29,85.044,138.982,116.731
2019-08-30,25.348,111.345,74.042
2019-08-31,4.967,59.09,25.916
2019-09-01,-70.527,16.8,-15.116
2019-09-02,-106.62,0.47,-45.326
2019-09-03,-127.529,29.951,-37.551
2019-09-04,-70.365,18.206,-21.718
2019-09-05,-12.492,2.907,-7.228
2019-09-06,,,
2019-09-07,,,
2019-09-08,,,
2019-09-09,,,
2019-09-10,,,
2019-09-11,,,
2019-09-12,,,
2019-09-13,5.419,22.483,14.59
2019-09-14,-6.729,12.911,2.824
2019-09-15,-15.955,0.116,-4.162
2019-09-16,-15.373,15.457,-3.409
2019-09-17,-39.45,21.847,-3.65
2019-09-18,-5.004,22.066,6.986
2019-09-19,-11.288,18.87,3.706
2019-09-20,-40.151,21.749,-2.853
2019-09-21,-15.457,24.998,5.961
2019-09-22,-1.234,30.571,13.015
2019-09-23,1.131,31.444,14.326
2019-09-24,8.361,37.137,19.533
2019-09-25,9.569,40.412,22.665
2019-09-26,13.013,42.656,25.003
2019-09-27,10.744,39.839,23.631
2019-09-28,4.136,39.985,19.594
2019-09-29,2.855,35.132,16.312
2019-09-30,-7.577,3.966,-1.854
2019-10-01,-13.269,3.771,-0.674
2019-10-02,-20.015,3.891,-1.23
2019-10-03,-21.468,15.422,-0.697
2019-10-04,-55.795,19.427,-7.827
2019-10-05,-9.205,21.664,6.28
2019-10-06,1.858,21.942,9.93
2019-10-07,4.509,32.214,15.558
2019-10-08,0.909,34.22,16.122
2019-10-09,8.81,29.432,19.207
2019-10-10,-15.981,26.079,5.135
2019-10-11,-23.497,-9.838,-16.473
2019-10-12,-32.825,-19.156,-23.927
2019-10-13,-27.96,-15.151,-22.272
2019-10-14,-31.187,-19.543,-26.333
2019-10-15,-35.598,-2.819,-21.377
2019-10-16,-29.683,-6.232,-18.45
2019-10-17,-31.941,2.996,-15.73
2019-10-18,-27.819,6.914,-12.728
2019-10-19,-22.759,5.944,-9.505
2019-10-20,-24.493,6.752,-10.823
2019-10-21,-30.601,8.573,-11.432
2019-10-22,-28.183,12.736,-9.479
2019-10-23,-27.296,12.437,-8.65
2019-10-24,-20.82,12.729,-6.31
2019-10-25,-25.613,14.544,-6.95
2019-10-26,-17.495,11.135,-6.55
2019-10-27,-23.745,-5.971,-15.377
2019-10-28,-33.208,3.442,-19.36
2019-10-29,-49.57,-9.303,-28.228
2019-10-30,-38.937,6.381,-17.664
2019-10-31,-23.826,9.106,-8.551
2019-11-01,-24.54,3.593,-12.964
2019-11-02,-36.921,13.207,-13.544
2019-11-03,-23.694,16.925,-4.965
2019-11-04,-24.072,1.395,-13.12
2019-11-05,-31.172,17.181,-9.102
2019-11-06,-23.323,19.19,-3.498
2019-11-07,-25.011,20.55,-3.007
2019-11-08,-15.846,20.651,0.547
2019-11-09,-19.559,26.318,2.502
2019-11-10,-13.813,29.781,5.971
2019-11-11,-12.821,26.517,5.404
2019-11-12,-17.027,25.378,2.445
2019-11-13,-17.153,23.769,1.947
2019-11-14,-15.378,24.821,3.694
2019-11-15,-17.851,21.136,-0.21
2019-11-16,-17.462,22.546,1.336
2019-11-17,-20.696,21.692,-1.105
2019-11-18,-23.439,29.436,1.745
2019-11-19,-14.789,29.934,5.204
2019-11-20,-19.391,30.473,4.973
2019-11-21,-15.945,29.883,5.183
2019-11-22,-17.871,18.682,1.867
2019-11-23,-15.694,28.808,5.023
2019-11-24,-14.095,22.199,-0.18
2019-11-25,-28.641,12.238,-12.156
2019-11-26,-36.343,10.566,-15.016
2019-11-27,-31.665,21.649,-5.778
2019-11-28,-21.635,17.855,-2.255
2019-11-29,-22.439,16.495,-4.883
2019-11-30,-27.499,26.316,-1.526
2019-12-01,-14.859,31.694,6.867
2019-12-02,-13.874,23.745,4.84
2019-12-03,-21.692,25.679,1.434
2019-12-04,-25.514,26.103,-0.716
2019-12-05,-18.168,12.502,-4.159
2019-12-06,-34.165,13.233,-11.543
2019-12-07,-32.231,14.989,-10.362
2019-12-08,-32.998,17.932,-8.971
2019-12-09,-30.192,17.591,-7.363
2019-12-10,-30.161,18.983,-8.577
2019-12-11,-30.997,10.448,-11.812
2019-12-12,-39.428,12.658,-14.372
2019-12-13,-36.32,-15.359,-24.51
2019-12-14,-41.261,-19.919,-33.033
2019-12-15,-45.188,-2.773,-26.836
2019-12-16,-41.843,9.627,-18.244
2019-12-17,-34.864,11.431,-12.791
2019-12-18,-32.819,6.969,-13.661
2019-12-19,-31.241,-3.584,-18.261
2019-12-20,-39.186,9.843,-15.565
2019-12-21,-30.74,13.195,-9.076
2019-12-22,-31.468,19.307,-7.381
2019-12-23,-28.578,19.081,-6.51
2019-12-24,-38.006,-8.13,-24.376
2019-12-25,-47.435,3.84,-24.518
2019-12-26,-35.952,9.065,-15.44
2019-12-27,-33.623,11.629,-11.672
2019-12-28,-33.208,17.114,-9.421
2019-12-29,-29.038,21.102,-5.592
2019-12-30,-28.558,19.084,-5.176
2019-12-31,-24.396,22.887,-2.279
2020-01-01,-21.761,22.86,-1.289
2020-01-02,-25.303,22.834,-2.875
2020-01-03,-22.251,24.125,-0.918
2020-01-04,-21.204,24.237,-1.039
2020-01-05,-27.868,6.04,-13.485
2020-01-06,-43.49,6.154,-20.932
2020-01-07,-36.055,4.759,-18.513
2020-01-08,-37.973,-8.663,-27.499
2020-01-09,-45.224,7.859,-21.322
2020-01-10,-38.457,13.264,-13.988
2020-01-11,-34.006,19.015,-8.717
2020-01-12,-25.685,21.436,-3.813
2020-01-13,-29.051,16.663,-7.54
2020-01-14,-34.177,16.692,-9.891
2020-01-15,-35.133,16.786,-10.626
2020-01-16,-30.585,19.987,-7.054
2020-01-17,-24.997,24.85,-2.442
2020-01-18,-20.191,24.438,-0.528
2020-01-19,-21.12,21.293,-1.64
2020-01-20,-19.217,24.691,-0.218
2020-01-21,-21.385,27.088,0.481
2020-01-22,-19.948,32.343,3.115
2020-01-23,-19.734,22.812,0.516
2020-01-24,-25.764,24.242,-1.922
2020-01-25,-26.445,24.096,-2.923
2020-01-26,-28.101,16.781,-7.547
2020-01-27,-26.448,20.722,-4.463
2020-01-28,-28.973,12.952,-10.424
2020-01-29,-40.367,8.509,-18.113
2020-01-30,-37.003,14.201,-12.454
2020-01-31,-34.481,15.907,-9.391
2020-02-01,-32.941,13.098,-10.655
2020-02-02,-33.87,15.381,-11.203
2020-02-03,-33.479,10.715,-12.63
2020-02-04,-39.438,9.812,-16.454
2020-02-05,-36.448,9.268,-15.2
2020-02-06,-38.754,10.606,-13.908
2020-02-07,-35.904,16.196,-11.469
2020-02-08,-28.145,18.231,-7.862
2020-02-09,-26.214,20.287,-5.179
2020-02-10,-24.904,19.703,-4.994
2020-02-11,-25.352,17.028,-5.707
2020-02-12,-28.839,12.658,-10.386
2020-02-13,-32.235,9.656,-14.019
2020-02-14,-36.572,12.386,-14.179
2020-02-15,-32.484,11.794,-11.884
2020-02-16,-32.939,6.697,-13.984
2020-02-17,-33.505,-5.548,-21.851
2020-02-18,-40.745,11.77,-16.47
2020-02-19,-31.369,14.86,-10.441
2020-02-20,-28.054,15.638,-10.711
2020-02-21,-31.026,14.472,-11.191
2020-02-22,-31.785,14.699,-11.24
2020-02-23,-30.375,10.637,-11.913
2020-02-24,-33.857,-6.193,-20.406
2020-02-25,-41.752,6.45,-19.549
2020-02-26,-34.284,11.272,-13.724
2020-02-27,-30.739,11.344,-11.672
2020-02-28,-30.217,12.99,-10.664
2020-02-29,-25.247,16.627,-11.794
2020-03-01,-22.333,15.379,-6.107
2020-03-02,-25.961,16.622,-8.379
2020-03-03,-28.738,16.788,-8.212
2020-03-04,-23.575,17.209,-7.953
2020-03-05,-31.757,8.082,-13.392
2020-03-06,-30.285,9.188,-13.508
2020-03-07,-35.706,4.127,-17.786
2020-03-08,-37.718,3.008,-18.696
2020-03-09,-38.211,4.035,-19.063
2020-03-10,-36.903,3.4,-19.294
2020-03-11,-41.475,-0.903,-23.032
2020-03-12,-43.673,-1.796,-24.523
2020-03-13,-42.313,-0.977,-24.738
2020-03-14,-44.227,-2.172,-25.135
2020-03-15,-43.668,0.569,-24.061
2020-03-16,-44.181,-2.132,-25.191
2020-03-17,-45.226,-5.403,-27.711
2020-03-18,-47.88,-6.008,-29.729
2020-03-19,-49.38,-5.099,-29.249
2020-03-20,-45.362,-4.316,-27.146
2020-03-21,-47.434,-10.171,-30.374
2020-03-22,-47.614,-9.444,-31.011
2020-03-23,-48.546,-12.857,-34.131
2020-03-24,-52.142,-16.044,-34.566
2020-03-25,-48.106,-9.726,-31.019
2020-03-26,-47.54,-6.7,-29.494
2020-03-27,-47.783,-8.677,-30.25
2020-03-28,-49.591,-10.81,-32.692
2020-03-29,-44.099,-15.213,-31.391
2020-03-30,-48.631,-10.41,-32.026
2020-03-31,-48.23,-10.287,-31.467
2020-04-01,-55.269,-12.357,-35.759
2020-04-02,-50.375,-8.669,-31.944
2020-04-03,-46.63,-9.25,-30.531
2020-04-04,-48.908,-12.951,-33.374
2020-04-05,-51.944,-17.806,-37.659
2020-04-06,-58.722,-15.742,-39.903
2020-04-07,-49.673,-12.561,-33.54
2020-04-08,-48.099,-12.61,-32.519
2020-04-09,-48.096,-12.933,-32.78
2020-04-10,-49.276,-15.568,-34.226
2020-04-11,-53.353,-21.963,-39.072
2020-04-12,-56.005,-25.581,-43.401
2020-04-13,-59.561,-26.658,-45.475
2020-04-14,-61.667,-28.962,-45.684
2020-04-15,-53.87,-24.308,-40.091
2020-04-16,-56.077,-22.024,-41.099
2020-04-17,-53.372,-20.228,-39.633
2020-04-18,-52.375,-20.735,-38.8
2020-04-19,-50.288,-21.157,-38.307
2020-04-20,-54.281,-23.643,-41.193
2020-04-21,-53.885,-25.765,-42.29
2020-04-22,-55.85,-24.791,-42.267
2020-04-23,-66.878,-37.988,-49.857
2020-04-24,-73.808,-67.35,-70.489
2020-04-25,-93.307,-60.928,-73.419
2020-04-26,-72.687,-51.916,-63.027
2020-04-27,-76.85,-51.721,-65.938
2020-04-28,-85.822,-55.688,-70.541
2020-04-29,-74.459,-49.987,-63.559
2020-04-30,-73.354,-49.49,-61.613
2020-05-01,-66.854,-45.764,-57.525
2020-05-02,-69.494,-48.721,-58.725
2020-05-03,-69.385,-51.987,-59.886
2020-05-04,-68.139,-50.736,-60.361
2020-05-05,-72.193,-51.157,-62.363
2020-05-06,-73.709,-47.867,-61.428
2020-05-07,-69.248,-46.014,-57.767
2020-05-08,-64.87,-43.855,-54.777
2020-05-09,-65.147,-46.906,-56.571
2020-05-10,-70.822,-51.703,-62.109
2020-05-11,-75.949,-53.321,-65.674
2020-05-12,-75.981,-55.34,-67.248
2020-05-13,-81.356,-54.912,-69.092
2020-05-14,-71.542,-51.06,-62.243
2020-05-15,-66.403,-47.706,-57.929
2020-05-16,-68.738,-46.394,-58.2
2020-05-17,-68.594,-46.13,-57.88
2020-05-18,-71.789,-49.012,-60.38
2020-05-19,-72.492,-60.38,-65.867
2020-05-20,-77.834,-63.577,-69.026
2020-05-21,-69.286,-63.773,-66.964
2020-05-22,-72.62,-68.77,-70.783
2020-05-23,-78.358,-72.269,-74.569
2020-05-24,-93.688,-75.681,-81.396
2020-05-25,-76.916,-58.743,-68.265
2020-05-26,-70.052,-53.832,-62.739
2020-05-27,-73.324,-55.317,-64.165
2020-05-28,-79.599,-60.654,-66.018
2020-05-29,-84.055,-75.376,-78.44
2020-05-30,-82.199,-75.467,-77.594
2020-05-31,-93.796,-73.23,-81.254
2020-06-01,-85.098,-70.9,-78.3
2020-06-02,-85.708,-77.86,-81.74
2020-06-03,-96.863,-84.83,-88.527
2020-06-04,-107.835,-78.311,-92.198
2020-06-05,-136.176,-72.642,-96.242
2020-06-06,-89.283,-72.601,-80.781
2020-06-07,-101.554,-74.334,-84.398
2020-06-08,-106.373,-74.944,-88.528
2020-06-09,-124.537,-75.392,-91.392
2020-06-10,-132.264,-75.567,-100.031
2020-06-11,-85.885,-38.503,-76.684
2020-06-12,-28.762,28.127,7.641
2020-06-13,9.138,11.565,10.461
2020-06-14,7.032,10.223,8.832
2020-06-15,-0.035,10.255,4.837
2020-06-16,-4.42,0.88,-1.76
2020-06-17,-3.754,2.525,-0.889
2020-06-18,-2.026,92.45,27.106
2020-06-19,99.295,128.523,115.58
2020-06-20,129.891,203.556,149.534
2020-06-21,203.709,208.885,207.146
2020-06-22,207.216,307.889,255.604
2020-06-23,310.169,350.115,319.974
2020-06-24,352.682,394.284,376.28
2020-06-25,393.229,395.654,394.433
2020-06-26,388.078,404.63,393.9
2020-06-27,402.068,409.482,405.712
2020-06-28,401.467,468.83,426.165
2020-06-29,478.386,589.983,541.552
2020-06-30,590.282,608.178,602.274
2020-07-01,610.007,637.595,628.219
2020-07-02,637.012,640.193,638.55
2020-07-03,625.976,702.797,665.834
2020-07-04,696.282,709.313,699.871
2020-07-05,711.587,750.834,739.206
2020-07-06,749.764,755.68,753.39
2020-07-07,745.238,758.567,750.286
2020-07-08,764.034,790.387,783.287
2020-07-09,764.656,792.365,777.254
2020-07-10,761.476,773.443,768.856
2020-07-11,762.706,774.211,770.044
2020-07-12,769.967,805.25,783.172
2020-07-13,794.963,805.119,799.579
2020-07-14,802.393,825.257,812.191
2020-07-15,818.752,828.144,823.015
2020-07-16,814.223,818.457,816.154
2020-07-17,808.479,870.704,824.66
2020-07-18,870.704,953.924,913.503
2020-07-19,956.502,977.09,968.956
2020-07-20,963.497,972.552,968.869
2020-07-21,960.765,973.934,967.687
2020-07-22,963.211,973.034,969.331
2020-07-23,951.413,963.054,956.678
2020-07-24,945.664,955.194,950.451
2020-07-25,942.955,951.872,948.844
2020-07-26,937.657,952.638,946.296
2020-07-27,926.317,950.817,940.399
2020-07-28,918.3,925.268,920.769
2020-07-29,908.026,920.123,913.615
2020-07-30,891.543,907.271,900.154
2020-07-31,891.849,898.51,894.582
2020-08-01,894.731,928.024,904.138
2020-08-02,927.128,947.397,934.246
2020-08-03,942.562,951.794,948.027
2020-08-04,885.523,963.293,946.442
2020-08-05,593.243,881.289,673.989
2020-08-06,588.572,637.673,603.804
2020-08-07,575.995,622.373,595.59
2020-08-08,611.309,666.008,631.932
2020-08-09,656.631,700.867,673.332
2020-08-10,681.174,712.685,694.504
2020-08-11,702.542,736.315,715.345
2020-08-12,733.441,778.882,747.797
2020-08-13,770.705,805.834,785.414
2020-08-14,798.563,826.286,810.301
2020-08-15,826.437,841.127,833.333
2020-08-16,833.556,845.228,838.021
2020-08-17,845.987,880.796,858.743
2020-08-18,876.104,890.028,883.079
2020-08-19,883.367,888.515,885.937
2020-08-20,877.626,904.266,886.057
2020-08-21,819.716,901.127,868.36
2020-08-22,813.883,888.01,831.15
2020-08-23,812.828,899.116,855.977
2020-08-24,867.37,905.487,892.272
2020-08-25,836.071,872.829,855.562
2020-08-26,817.005,844.093,826.376
2020-08-27,839.529,849.991,847.106
2020-08-28,828.612,842.546,835.016
2020-08-29,845.712,883.551,871.538
2020-08-30,882.034,920.456,899.443
2020-08-31,920.159,929.682,925.373
2020-09-01,931.506,953.584,938.421
2020-09-02,934.232,957.827,945.701
2020-09-03,926.36,939.833,932.911
2020-09-04,903.219,932.27,916.919
2020-09-05,919.129,935.623,927.826
2020-09-06,930.479,946.355,938.037
2020-09-07,845.92,929.282,905.076
2020-09-08,749.971,838.661,777.203
2020-09-09,787.065,859.438,830.591
2020-09-10,860.653,909.232,891.754
2020-09-11,894.265,913.781,906.366
2020-09-12,902.59,960.83,931.951
2020-09-13,855.698,949.657,912.211
2020-09-14,871.138,930.164,906.843
2020-09-15,914.159,968.201,935.499
2020-09-16,905.95,963.637,938.478
2020-09-17,851.252,952.292,921.051
2020-09-18,819.561,909.437,880.689
2020-09-19,781.191,883.801,843.592
2020-09-20,756.065,830.692,801.842
2020-09-21,743.369,816.79,782.766
2020-09-22,720.539,799.119,754.152
2020-09-23,679.066,742.821,718.67
2020-09-24,685.925,752.831,712.56
2020-09-25,608.071,690.32,653.652
2020-09-26,563.108,644.308,606.609
2020-09-27,523.413,601.454,562.199
2020-09-28,493.113,593.136,539.744
2020-09-29,-2.868,558.136,482.96
2020-09-30,6.206,489.926,447.368
2020-10-01,412.708,467.479,439.663
2020-10-02,394.204,486.717,430.275
2020-10-03,362.819,469.576,404.861
2020-10-04,321.396,411.501,358.071
2020-10-05,269.382,396.803,321.8
2020-10-06,195.441,296.683,241.13
2020-10-07,114.678,232.501,169.076
2020-10-08,60.592,146.133,96.973
2020-10-09,21.63,95.552,55.848
2020-10-10,-25.923,29.277,1.368
2020-10-11,-69.928,-8.1,-40.312
2020-10-12,-127.509,-62.229,-92.568
2020-10-13,-186.751,-123.063,-153.473
2020-10-14,-238.087,-187.293,-208.701
2020-10-15,-232.385,-208.005,-222.765
2020-10-16,-229.598,-203.712,-219.033
2020-10-17,-235.208,8.688,-115.188
2020-10-18,-24.067,5.499,-11.049
2020-10-19,-22.878,4.284,-11.036
2020-10-20,-25.24,5.508,-10.755
2020-10-21,-24.294,7.96,-10.172
2020-10-22,-25.2,7.433,-10.838
2020-10-23,-26.107,10.021,-9.595
2020-10-24,-25.385,7.67,-10.636
2020-10-25,-24.067,-0.204,-13.698
2020-10-26,-28.339,5.476,-12.278
2020-10-27,-35.36,-11.864,-23.903
2020-10-28,-40.913,-12.724,-22.063
2020-10-29,-38.027,-8.086,-23.482
2020-10-30,-27.455,-3.342,-15.986
2020-10-31,-24.07,6.303,-9.889
2020-11-01,-20.879,11.384,-5.723
2020-11-02,-20.746,13.731,-4.381
2020-11-03,-18.958,13.31,-3.356
2020-11-04,-17.737,9.852,-5.786
2020-11-05,-24.706,13.099,-6.47
2020-11-06,-20.506,13.512,-4.381
2020-11-07,-17.514,18.516,-1.427
2020-11-08,-17.529,18.692,-0.433
2020-11-09,-18.506,18.174,-1.001
2020-11-10,-16.623,19.684,0.209
2020-11-11,-15.57,20.266,1.38
2020-11-12,-18.847,18.386,-0.73
2020-11-13,-15.17,10.093,-4.251
2020-11-14,-25.368,13.503,-6.27
2020-11-15,-22.267,17.544,-4.324
2020-11-16,-21.826,20.407,-1.696
2020-11-17,-15.257,14.909,-2.859
2020-11-18,-20.184,17.757,-3.553
2020-11-19,-16.909,18.024,-1.366
2020-11-20,-17.423,18.456,-0.623
2020-11-21,-20.922,16.875,-3.757
2020-11-22,-19.846,21.172,-0.747
2020-11-23,-17.534,19.187,-0.253
2020-11-24,-18.053,19.536,-1.642
2020-11-25,-19.968,19.434,-1.532
2020-11-26,-19.407,25.395,1.677
2020-11-27,-14.868,25.354,4.387
2020-11-28,-15.458,23.579,2.688
2020-11-29,-17.156,24.446,2.357
2020-11-30,-13.295,29.543,6.435
2020-12-01,-12.973,22.647,4.986
2020-12-02,-17.814,24.866,2.945
2020-12-03,-15.524,21.559,1.637
2020-12-04,-13.976,29.313,6.346
2020-12-05,-10.039,34.36,10.956
2020-12-06,-7.009,36.718,13.861
2020-12-07,-7.465,36.327,13.432
2020-12-08,-9.897,34.249,11.861
2020-12-09,-9.054,38.63,14.071
2020-12-10,-8.335,23.824,6.423
2020-12-11,-18.032,28.578,4.195
2020-12-12,-22.647,3.764,-7.83
2020-12-13,-28.225,8.932,-10.723
2020-12-14,-21.297,9.861,-6.956
2020-12-15,-22.413,20.199,-2.509
2020-12-16,-16.775,26.801,4.195
2020-12-17,-11.458,29.901,7.992
2020-12-18,-13.877,23.621,3.112
2020-12-19,-22.987,3.368,-10.196
2020-12-20,-22.763,20.349,-3.17
2020-12-21,-15.084,29.222,6.023
2020-12-22,-9.789,30.799,10.609
2020-12-23,-8.907,33.87,11.789
2020-12-24,-10.306,33.029,10.923
2020-12-25,-6.529,37.622,14.334
2020-12-26,-5.777,40.526,16.113
2020-12-27,-2.292,37.218,16.659
2020-12-28,-7.62,37.329,14.739
2020-12-29,-7.013,33.358,11.705
2020-12-30,-14.455,31.764,8.041
2020-12-31,-8.815,35.912,13.795
2021-01-01,-3.47,41.176,18.739
2021-01-02,-15.351,4.925,-7.13
2021-01-03,-17.231,2.961,-8.306
2021-01-04,-18.882,14.242,-2.73
2021-01-05,-17.338,18.556,-0.528
2021-01-06,-17.873,25.309,2.398
2021-01-07,-14.932,26.342,5.66
2021-01-08,-12.219,20.385,3.443
2021-01-09,-14.701,24.142,3.057
2021-01-10,-17.055,21.821,1.449
2021-01-11,-20.261,22.015,-0.524
2021-01-12,-17.414,26.42,4.304
2021-01-13,-12.61,30.889,8.997
2021-01-14,-10.501,31.668,10.357
2021-01-15,-12.165,27.914,7.81
2021-01-16,-14.544,30.491,7.364
2021-01-17,-11.686,34.056,10.586
2021-01-18,-4.318,40.071,16.637
2021-01-19,0.552,41.69,18.77
2021-01-20,1.167,43.69,21.354
2021-01-21,1.965,46.438,23.616
2021-01-22,4.934,50.304,26.812
2021-01-23,7.299,48.291,27.431
2021-01-24,4.276,44.775,23.806
2021-01-25,0.836,42.606,20.691
2021-01-26,-3.313,39.273,16.817
2021-01-27,-8.452,33.72,12.312
2021-01-28,-8.377,21.066,5.862
2021-01-29,-19.693,0.81,-13.255
2021-01-30,-24.693,-6.674,-16.137
2021-01-31,-23.029,-0.754,-13.249
2021-02-01,-26.685,-1.528,-14.758
2021-02-02,-25.635,3.666,-11.222
2021-02-03,-22.301,13.759,-5.049
2021-02-04,-15.923,22.279,3.16
2021-02-05,-10.393,27.623,8.575
2021-02-06,-5.442,28.71,11.583
2021-02-07,-9.13,12.397,2.08
2021-02-08,-10.991,17.753,0.68
2021-02-09,-15.115,25.031,2.755
2021-02-10,-9.729,30.444,8.702
2021-02-11,-11.124,26.462,6.675
2021-02-12,-9.342,30.27,9.622
2021-02-13,-7.137,25.171,8.657
2021-02-14,-11.42,25.978,6.507
2021-02-15,-12.003,23.299,5.291
2021-02-16,-14.545,22.562,3.692
2021-02-17,-15.082,22.335,2.896
2021-02-18,-15.013,18.78,0.934
2021-02-19,-16.603,21.037,1.593
2021-02-20,-14.775,22.631,3.265
2021-02-21,-14.754,22.436,3.253
2021-02-22,-16.359,18.259,0.999
2021-02-23,-16.286,26.696,4.217
2021-02-24,-5.713,33.104,12.794
2021-02-25,-0.919,36.231,16.442
2021-02-26,-5.51,33.661,11.041
2021-02-27,-2.468,34.867,15.158
2021-02-28,-6.809,34.735,13.574
2021-03-01,-0.122,35.317,14.991
2021-03-02,-8.809,27.571,8.345
2021-03-03,-6.059,32.394,11.937
2021-03-04,-3.854,33.941,14.837
2021-03-05,-0.768,33.609,15.846
2021-03-06,-5.699,32.113,12.61
2021-03-07,-6.707,29.098,10.638
2021-03-08,-8.073,29.879,10.022
2021-03-09,-6.74,31.376,11.612
2021-03-10,-8.499,25.461,7.425
2021-03-11,-14.071,24.868,6.545
2021-03-12,-9.242,26.371,7.672
2021-03-13,-8.67,27.913,9.069
2021-03-14,-6.393,27.831,9.669
2021-03-15,-7.876,24.297,7.192
2021-03-16,-10.6,13.686,1.972
2021-03-17,-13.814,13.816,-0.942
2021-03-18,-19.616,17.004,-2.732
2021-03-19,-22.505,10.966,-6.007
2021-03-20,-19.135,13.011,-4.799
2021-03-21,-13.846,4.925,-5.827
2021-03-22,-23.285,13.07,-5.847
2021-03-23,-17.567,15.706,-1.862
2021-03-24,-19.804,13.399,-4.503
2021-03-25,-21.298,0.635,-11.855
2021-03-26,-29.849,2.507,-15.643
2021-03-27,-24.21,10.716,-8.421
2021-03-28,-17.233,17.385,-1.509
2021-03-29,-13.098,19.59,1.675
2021-03-30,-13.169,18.817,1.704
2021-03-31,-14.712,17.461,0.314
2021-04-01,-14.041,16.934,0.192
2021-04-02,-19.3,14.995,-3.051
2021-04-03,-17.02,17.133,-1.784
2021-04-04,-14.837,17.347,-0.085
2021-04-05,-15.366,14.767,-1.601
2021-04-06,-14.668,14.111,-1.479
2021-04-07,-13.21,10.985,-1.969
2021-04-08,-17.117,6.303,-7.142
2021-04-09,-26.579,-2.03,-14.262
2021-04-10,-26.611,0.973,-14.139
2021-04-11,-26.869,7.354,-10.577
2021-04-12,-18.792,12.679,-3.433
2021-04-13,-11.378,16.743,1.309
2021-04-14,-16.675,12.674,-2.635
2021-04-15,-18.583,11.189,-5.002
2021-04-16,-21.08,9.528,-6.338
2021-04-17,-19.549,8.811,-5.168
2021-04-18,-18.08,11.048,-4.159
2021-04-19,-19.67,8.761,-6.482
2021-04-20,-21.182,7.256,-8.988
2021-04-21,-29.294,-11.068,-19.673
2021-04-22,-30.086,-12.454,-22.016
2021-04-23,-27.64,-9.431,-19.802
2021-04-24,-28.802,-7.531,-18.978
2021-04-25,-28.099,-3.763,-17.217
2021-04-26,-28.654,-3.724,-17.408
2021-04-27,-26.56,-2.221,-16.112
2021-04-28,-26.821,-2.102,-15.691
2021-04-29,-24.787,-1.496,-14.287
2021-04-30,-24.677,-4.29,-16.424
2021-05-01,-29.589,-15.673,-21.807
2021-05-02,-30.673,-17.045,-25.614
2021-05-03,-26.695,-17.627,-21.155
2021-05-04,-41.278,-22.259,-28.697
2021-05-05,-34.801,-26.037,-31.145
2021-05-06,-38.535,-23.535,-32.102
2021-05-07,-36.312,-24.318,-31.033
2021-05-08,-35.973,-24.423,-31.73
2021-05-09,-38.095,-26.358,-31.881
2021-05-10,-38.448,-24.448,-32.792
2021-05-11,-37.586,-23.345,-30.467
2021-05-12,-38.249,-20.609,-30.505
2021-05-13,-36.445,-20.458,-28.782
2021-05-14,-33.903,-21.102,-28.455
2021-05-15,-33.088,-18.062,-27.922
2021-05-16,-37.047,-20.837,-29.589
2021-05-17,-33.358,-15.919,-25.552
2021-05-18,-33.242,-17.826,-26.099
2021-05-19,-35.105,-25.54,-30.149
2021-05-20,-38.844,-27.5,-32.974
2021-05-21,-38.651,-28.244,-30.435
2021-05-22,-50.146,-28.789,-37.548
2021-05-23,-47.411,-25.187,-35.324
2021-05-24,-35.243,-24.267,-31.034
2021-05-25,-35.748,-24.815,-30.843
2021-05-26,-34.431,-21.885,-28.53
2021-05-27,-29.421,-21.657,-26.068
2021-05-28,-37.127,-25.338,-30.899
2021-05-29,-35.869,-26.346,-31.248
2021-05-30,-36.366,-25.531,-30.837
2021-05-31,-34.361,-25.684,-29.072
2021-06-01,-38.103,-29.024,-31.591
2021-06-02,-34.308,-21.667,-28.005
2021-06-03,-29.764,-18.883,-24.561
2021-06-04,-32.132,-23.651,-28.002
2021-06-05,-35.752,-24.299,-29.258
2021-06-06,-36.231,-26.947,-31.625
2021-06-07,-38.282,-26.69,-32.06
2021-06-08,-34.961,-25.806,-30.768
2021-06-09,-36.382,-30.502,-32.855
2021-06-10,-40.552,-26.141,-33.121
2021-06-11,-33.963,-22.173,-29.022
2021-06-12,-33.925,-22.549,-29.034
2021-06-13,-34.472,-22.799,-29.752
2021-06-14,-32.113,-20.201,-27.365
2021-06-15,-33.337,-26.443,-30.709
2021-06-16,-32.913,-23.155,-29.578
2021-06-17,-38.856,-24.934,-31.815
2021-06-18,-40.53,-26.03,-32.94
2021-06-19,-39.707,-24.946,-32.487
2021-06-20,-40.207,-26.369,-33.254
2021-06-21,-37.968,-24.301,-29.433
2021-06-22,-31.771,-22.691,-28.196
2021-06-23,-39.271,-24.125,-30.951
2021-06-24,-23.772,-10.313,-21.47
2021-06-25,-6.667,13.405,9.799
2021-06-26,10.702,13.149,11.967
2021-06-27,9.029,10.862,9.893
2021-06-28,6.823,9.336,7.968
2021-06-29,3.039,7.6,5.355
2021-06-30,-0.296,3.358,1.538
2021-07-01,-2.238,0.498,-0.707
2021-07-02,-5.026,-0.197,-1.656
2021-07-03,-9.869,-1.811,-5.502
2021-07-04,-15.891,-6.798,-12.018
2021-07-05,-20.381,18.447,-5.19
2021-07-06,-13.319,15.896,4.19
2021-07-07,-8.056,15.756,3.543
2021-07-08,-20.68,15.813,-4.123
2021-07-09,-30.183,-16.793,-22.949
2021-07-10,-21.333,23.962,4.223
2021-07-11,-36.746,13.692,-6.732
2021-07-12,-94.173,-14.722,-54.447
2021-07-13,-81.863,-1.18,-47.028
2021-07-14,-76.002,-0.809,-37.9
2021-07-15,-64.485,-1.177,-33.029
2021-07-16,-58.663,-14.555,-29.518
2021-07-17,-70.538,-16.993,-45.251
2021-07-18,-44.966,-8.665,-30.05
2021-07-19,-49.395,-25.634,-36.671
2021-07-20,-48.188,-24.701,-37.799
2021-07-21,-38.173,-25.944,-32.572
2021-07-22,-37.761,-25.414,-32.158
2021-07-23,-36.364,-26.818,-31.994
2021-07-24,-37.604,-29.56,-33.341
2021-07-25,-44.808,-15.933,-31.235
2021-07-26,-18.586,-16.909,-17.682
2021-07-27,-20.446,-18.084,-19.291
2021-07-28,-22.863,-20.063,-21.774
2021-07-29,-40.853,-7.164,-24.021
2021-07-30,-47.441,-13.953,-32.598
2021-07-31,-45.515,-34.331,-36.738
2021-08-01,-62.379,-27.766,-42.256
2021-08-02,-43.892,-25.325,-33.569
2021-08-03,-36.954,-21.66,-29.579
2021-08-04,-36.692,-20.629,-28.929
2021-08-05,-40.794,-21.394,-31.364
2021-08-06,-36.891,-20.888,-30.304
2021-08-07,-54.026,-24.486,-36.859
2021-08-08,-42.334,-25.936,-33.955
2021-08-09,-51.893,-24.983,-37.827
2021-08-10,-50.187,-23.254,-35.097
2021-08-11,-47.21,-24.269,-37.843
2021-08-12,-44.081,-25.029,-35.429
2021-08-13,-45.31,-21.481,-33.237
2021-08-14,-44.904,-20.364,-32.496
2021-08-15,-44.234,-30.866,-37.209
2021-08-16,-40.394,28.017,-7.963
2021-08-17,31.565,91.295,55.842
2021-08-18,90.649,152.99,108.486
2021-08-19,154.518,244.508,211.21
2021-08-20,205.498,231.556,216.918
2021-08-21,229.0,239.965,233.909
2021-08-22,232.252,250.227,244.854
2021-08-23,249.323,253.613,250.827
2021-08-24,251.662,254.719,252.8
2021-08-25,251.703,255.186,253.879
2021-08-26,240.631,251.417,245.634
2021-08-27,233.364,245.076,240.053
2021-08-28,243.26,260.608,253.333
2021-08-29,250.279,268.081,257.889
2021-08-30,237.183,251.115,244.487
2021-08-31,221.343,240.266,231.676
2021-09-01,195.002,225.473,214.337
2021-09-02,160.892,200.216,184.143
2021-09-03,127.101,166.294,149.898
2021-09-04,98.894,135.826,120.24
2021-09-05,77.045,109.606,93.238
2021-09-06,52.568,82.096,70.469
2021-09-07,43.633,59.749,52.575
2021-09-08,22.548,54.711,41.432
2021-09-09,-12.747,39.112,15.714
2021-09-10,-45.959,51.138,0.24
2021-09-11,-53.695,-35.673,-48.126
2021-09-12,-31.175,35.241,-5.965
2021-09-13,43.162,90.131,81.452
2021-09-14,88.003,91.695,89.551
2021-09-15,82.052,92.126,88.845
2021-09-16,73.656,90.93,85.661
2021-09-17,43.887,73.966,60.31
2021-09-18,33.06,45.753,41.798
2021-09-19,16.875,33.901,26.517
2021-09-20,-9.757,18.229,4.119
2021-09-21,-48.914,4.216,-23.657
2021-09-22,-54.756,-18.372,-41.182
2021-09-23,-61.33,-37.151,-46.945
2021-09-24,-48.646,-28.805,-39.213
2021-09-25,-45.618,-29.978,-38.419
2021-09-26,-64.93,-29.385,-42.777
2021-09-27,-56.373,-26.296,-39.174
2021-09-28,-52.563,-24.653,-37.325
2021-09-29,-45.211,-25.383,-36.553
2021-09-30,-52.592,-31.9,-38.28
2021-10-01,-46.491,-25.644,-36.131
2021-10-02,-50.039,-30.195,-37.804
2021-10-03,-51.858,-25.059,-36.784
2021-10-04,-42.393,-21.726,-33.288
2021-10-05,-40.664,-21.635,-32.612
2021-10-06,-41.167,-22.978,-33.718
2021-10-07,-43.505,-17.399,-31.012
2021-10-08,-38.375,-26.646,-32.489
2021-10-09,-41.244,-15.839,-29.807
2021-10-10,-37.754,-12.317,-26.311
2021-10-11,-37.908,-10.299,-25.62
2021-10-12,-38.541,-12.003,-25.913
2021-10-13,-40.023,-15.643,-29.425
2021-10-14,-39.655,-19.859,-26.905
2021-10-15,-45.358,-10.186,-31.126
2021-10-16,-61.102,-23.432,-37.097
2021-10-17,-40.42,-17.852,-31.83
2021-10-18,-42.02,-12.634,-28.296
2021-10-19,-37.045,-7.763,-23.791
2021-10-20,-34.967,-8.513,-22.82
2021-10-21,-37.404,-11.649,-25.229
2021-10-22,-40.832,-11.654,-27.31
2021-10-23,-39.145,-12.969,-27.709
2021-10-24,-40.215,-7.098,-25.308
2021-10-25,-37.992,-3.962,-21.671
2021-10-26,-31.616,1.229,-17.003
2021-10-27,-26.886,3.38,-14.054
2021-10-28,-30.639,3.485,-15.306
2021-10-29,-30.185,3.028,-14.92
2021-10-30,-27.961,0.577,-14.798
2021-10-31,-31.759,0.731,-17.11
2021-11-01,-32.789,0.867,-17.042
2021-11-02,-31.622,2.722,-16.311
2021-11-03,-31.724,-4.924,-19.379
2021-11-04,-36.545,-5.929,-24.496
2021-11-05,-36.836,-9.028,-23.987
2021-11-06,-38.373,-1.33,-22.491
2021-11-07,-37.338,0.015,-20.207
2021-11-08,-34.134,3.693,-16.884
2021-11-09,-29.765,5.66,-14.314
2021-11-10,-31.022,4.729,-15.324
2021-11-11,-27.42,0.412,-14.781
2021-11-12,-34.282,-4.306,-19.825
2021-11-13,-38.3,-8.667,-24.917
2021-11-14,-37.912,-5.981,-24.328
2021-11-15,-38.037,-5.61,-22.99
2021-11-16,-38.273,-4.878,-24.534
2021-11-17,-34.983,0.996,-18.225
2021-11-18,-32.538,4.014,-15.769
2021-11-19,-27.739,6.272,-12.765
2021-11-20,-29.019,7.299,-11.959
2021-11-21,-27.739,7.637,-11.654
2021-11-22,-30.899,8.998,-11.818
2021-11-23,-24.32,13.413,-7.139
2021-11-24,-24.104,8.784,-8.864
2021-11-25,-31.785,7.97,-12.685
2021-11-26,-27.904,10.193,-10.35
2021-11-27,-28.086,5.198,-13.012
2021-11-28,-33.704,7.515,-14.89
2021-11-29,-28.795,11.179,-11.044
2021-11-30,-28.023,4.048,-14.346
2021-12-01,-29.802,9.793,-7.711
2021-12-02,-29.675,-2.505,-15.509
2021-12-03,-28.524,4.867,-14.751
2021-12-04,-32.868,10.032,-13.115
2021-12-05,-25.226,16.243,-6.593
2021-12-06,-18.32,20.461,-1.408
2021-12-07,-18.948,18.179,-2.436
2021-12-08,-31.38,-2.625,-18.45
2021-12-09,-33.514,3.06,-20.267
2021-12-10,-30.83,6.478,-16.416
2021-12-11,-29.429,3.4,-16.321
2021-12-12,-34.174,1.249,-20.122
2021-12-13,-32.931,2.516,-18.816
2021-12-14,-31.711,4.221,-17.332
2021-12-15,-31.514,7.606,-14.734
2021-12-16,-31.234,11.266,-12.181
2021-12-17,-29.651,12.465,-10.908
2021-12-18,-29.869,12.57,-10.378
2021-12-19,-29.613,15.256,-8.176
2021-12-20,-28.68,16.129,-7.156
2021-12-21,-29.843,17.188,-7.446
2021-12-22,-24.817,19.305,-4.366
2021-12-23,-21.439,18.547,-2.705
2021-12-24,-28.081,17.779,-6.265
2021-12-25,-22.945,19.759,-3.276
2021-12-26,-22.399,20.373,-2.231
2021-12-27,-24.867,20.536,-3.402
2021-12-28,-20.502,22.392,-1.333
2021-12-29,-23.701,16.411,-4.415
2021-12-30,-28.199,14.733,-8.536
2021-12-31,-28.614,11.85,-10.539
2022-01-01,-29.445,9.037,-13.631
2022-01-02,-29.544,-5.316,-20.246
2022-01-03,-32.819,6.591,-16.507
2022-01-04,-30.633,13.002,-12.082
2022-01-05,-30.869,15.659,-9.568
2022-01-06,-30.582,15.502,-8.972
2022-01-07,-29.152,17.336,-7.751
2022-01-08,-22.764,15.65,-4.802
2022-01-09,-29.24,16.563,-8.31
2022-01-10,-23.639,16.564,-5.234
2022-01-11,-25.654,17.186,-5.458
2022-01-12,-23.855,19.189,-4.32
2022-01-13,-23.91,17.525,-4.973
2022-01-14,-28.762,16.9,-8.339
2022-01-15,-29.764,14.16,-9.667
2022-01-16,-29.904,6.659,-14.086
2022-01-17,-40.286,-10.146,-27.098
2022-01-18,-41.476,-7.533,-27.046
2022-01-19,-35.18,-0.188,-21.367
2022-01-20,-33.558,1.167,-19.45
2022-01-21,-33.801,2.97,-18.931
2022-01-22,-31.666,2.243,-18.295
2022-01-23,-33.192,4.159,-17.515
2022-01-24,-31.32,8.817,-14.545
2022-01-25,-29.293,9.868,-11.969
2022-01-26,-29.527,11.983,-10.958
2022-01-27,-28.328,13.976,-9.534
2022-01-28,-25.349,12.924,-7.822
2022-01-29,-28.245,10.615,-10.972
2022-01-30,-33.407,6.36,-14.613
2022-01-31,-32.394,8.951,-13.377
2022-02-01,-28.694,8.046,-12.599
2022-02-02,-29.287,8.636,-12.488
2022-02-03,-30.784,5.011,-14.057
2022-02-04,-34.044,0.69,-17.135
2022-02-05,-31.122,5.643,-15.772
2022-02-06,-31.027,9.248,-13.862
2022-02-07,-28.776,10.919,-10.731
2022-02-08,-30.5,12.894,-10.661
2022-02-09,-28.3,10.933,-10.286
2022-02-10,-31.473,2.255,-14.962
2022-02-11,-32.799,5.913,-16.637
2022-02-12,-31.434,8.17,-14.764
2022-02-13,-28.987,9.708,-11.904
2022-02-14,-29.663,8.486,-13.297
2022-02-15,-29.971,6.367,-14.137
2022-02-16,-32.411,7.726,-15.602
2022-02-17,-30.775,9.556,-13.045
2022-02-18,-33.448,6.827,-15.473
2022-02-19,-34.324,2.0,-18.238
2022-02-20,-32.271,-2.428,-20.886
2022-02-21,-34.219,-8.274,-24.055
2022-02-22,-33.535,-7.959,-22.76
2022-02-23,-44.084,-10.543,-28.939
2022-02-24,-50.054,-23.885,-40.021
2022-02-25,-47.934,-20.455,-35.81
2022-02-26,-44.944,-16.924,-32.25
2022-02-27,-43.713,-17.303,-31.968
2022-02-28,-47.44,-14.484,-32.753
2022-03-01,-41.729,-10.183,-28.205
2022-03-02,-36.704,-4.936,-23.699
2022-03-03,-34.911,-9.426,-23.847
2022-03-04,-38.666,-9.817,-26.332
2022-03-05,-38.161,-11.225,-26.484
2022-03-06,-37.947,-22.338,-29.939
2022-03-07,-47.532,-15.129,-32.876
2022-03-08,-40.991,-15.31,-29.157
2022-03-09,-42.843,-21.577,-31.97
2022-03-10,-42.522,-11.222,-28.869
2022-03-11,-36.874,-8.273,-24.413
2022-03-12,-35.109,-7.261,-22.994
2022-03-13,-34.774,-5.225,-22.365
2022-03-14,-31.807,-1.856,-19.719
2022-03-15,-31.337,-0.407,-17.303
2022-03-16,-30.429,-4.397,-20.206
2022-03-17,-33.893,-8.79,-24.268
2022-03-18,-38.715,-10.412,-26.529
2022-03-19,-34.27,-9.597,-24.517
2022-03-20,-32.612,-24.58,-29.055
2022-03-21,-44.464,-15.74,-32.173
2022-03-22,-42.604,-11.973,-29.682
2022-03-23,-54.076,-27.065,-39.37
2022-03-24,-58.156,-31.3,-47.143
2022-03-25,-49.596,-23.647,-39.994
2022-03-26,-47.579,-23.145,-36.555
2022-03-27,-48.928,-23.805,-37.74
2022-03-28,-48.95,-23.807,-37.798
2022-03-29,-49.937,-26.386,-39.45
2022-03-30,-52.454,-25.307,-41.225
2022-03-31,-49.678,-23.417,-38.31
2022-04-01,-46.373,-22.555,-35.279
2022-04-02,-46.462,-23.781,-35.863
2022-04-03,-47.287,-23.963,-36.457
2022-04-04,-46.58,-22.855,-35.824
2022-04-05,-44.056,-21.565,-34.13
2022-04-06,-43.263,-20.228,-33.074
2022-04-07,-44.053,-22.11,-33.424
2022-04-08,-42.655,-19.311,-32.452
2022-04-09,-43.22,-25.782,-34.687
2022-04-10,-47.945,-29.805,-39.512
2022-04-11,-51.167,-26.508,-40.176
2022-04-12,-45.783,-26.575,-37.711
2022-04-13,-47.406,-25.095,-36.841
2022-04-14,-41.041,-20.677,-32.284
2022-04-15,-41.949,-21.866,-32.324
2022-04-16,-40.082,-20.927,-31.865
2022-04-17,-39.468,-21.512,-31.158
2022-04-18,-43.009,-24.743,-34.287
2022-04-19,-45.95,-28.044,-37.134
2022-04-20,-55.259,-36.99,-48.08
2022-04-21,-57.307,-43.794,-53.385
2022-04-22,-42.49,-13.288,-21.07
2022-04-23,-51.111,-25.473,-36.979
2022-04-24,-65.863,-48.867,-56.213
2022-04-25,-58.723,-51.866,-55.482
2022-04-26,-60.822,-27.128,-47.931
2022-04-27,-30.476,-23.767,-27.296
2022-04-28,-35.483,-29.623,-31.819
2022-04-29,-43.854,-30.087,-35.774
2022-04-30,-47.885,-35.855,-44.491
2022-05-01,-61.37,-42.026,-51.529
2022-05-02,-55.638,-39.65,-46.77
2022-05-03,-48.379,-35.001,-41.771
2022-05-04,-45.47,-32.705,-39.448
2022-05-05,-45.071,-32.488,-39.081
2022-05-06,-45.664,-32.107,-39.411
2022-05-07,-45.964,-32.171,-39.235
2022-05-08,-46.434,-33.531,-39.348
2022-05-09,-46.3,-32.578,-39.684
2022-05-10,-44.66,-31.381,-37.857
2022-05-11,-42.491,-32.076,-36.77
2022-05-12,-46.636,-34.614,-40.341
2022-05-13,-53.181,-37.616,-44.882
2022-05-14,-44.908,-38.11,-41.877
2022-05-15,-47.151,-36.367,-41.441
2022-05-16,-48.434,-35.977,-41.876
2022-05-17,-46.273,-33.616,-40.23
2022-05-18,-46.191,-32.517,-39.194
2022-05-19,-43.446,-33.231,-38.151
2022-05-20,-40.728,-28.272,-33.347
2022-05-21,-46.106,-29.883,-35.758
2022-05-22,-43.276,-3.068,-31.602
2022-05-23,-0.452,76.229,35.19
2022-05-24,75.207,86.379,80.776
2022-05-25,53.988,74.001,62.465
2022-05-26,46.103,53.782,50.082
2022-05-27,44.717,51.877,48.209
2022-05-28,46.759,62.319,53.307
2022-05-29,53.294,90.143,70.497
2022-05-30,22.031,93.651,62.359
2022-05-31,1.428,76.218,42.32
2022-06-01,-20.847,59.272,14.019
2022-06-02,14.972,43.41,24.561
2022-06-03,15.395,39.46,23.068
2022-06-04,30.288,86.847,65.384
2022-06-05,88.822,97.478,95.19
2022-06-06,96.234,100.632,98.865
2022-06-07,98.483,102.743,99.792
2022-06-08,101.53,107.467,104.298
2022-06-09,107.31,111.417,109.264
2022-06-10,97.601,111.592,105.687
2022-06-11,98.662,101.997,100.463
2022-06-12,99.406,109.144,105.887
2022-06-13,107.176,111.442,109.305
2022-06-14,109.452,119.219,113.421
2022-06-15,112.297,123.838,117.427
2022-06-16,107.317,123.123,115.302
2022-06-17,94.748,116.798,105.955
2022-06-18,81.085,105.886,93.579
2022-06-19,85.951,86.254,86.102
2022-06-20,,,
2022-06-21,,,
2022-06-22,,,
2022-06-23,,,
2022-06-24,,,
2022-06-25,,,
2022-06-26,,,
2022-06-27,,,
2022-06-28,,,
2022-06-29,,,
2022-06-30,,,
2022-07-01,,,
2022-07-02,,,
2022-07-03,,,
2022-07-04,,,
2022-07-05,,,
2022-07-06,,,
2022-07-07,,,
2022-07-08,,,
2022-07-09,,,
2022-07-10,,,
2022-07-11,,,
2022-07-12,,,
2022-07-13,,,
2022-07-14,,,
2022-07-15,,,
2022-07-16,,,
2022-07-17,,,
2022-07-18,,,
2022-07-19,,,
2022-07-20,,,
2022-07-21,,,
2022-07-22,,,
2022-07-23,,,
2022-07-24,,,
2022-07-25,,,
2022-07-26,,,
2022-07-27,,,
2022-07-28,,,
2022-07-29,,,
2022-07-30,,,
2022-07-31,,,
2022-08-01,,,
2022-08-02,,,
2022-08-03,,,
2022-08-04,,,
2022-08-05,,,
2022-08-06,,,
2022-08-07,,,
2022-08-08,,,
2022-08-09,,,
2022-08-10,,,
2022-08-11,,,
2022-08-12,,,
2022-08-13,,,
2022-08-14,,,
2022-08-15,,,
2022-08-16,364.396,375.789,370.143
2022-08-17,362.414,376.699,369.276
2022-08-18,346.766,361.65,353.442
2022-08-19,335.364,365.599,347.518
2022-08-20,334.646,368.632,350.188
2022-08-21,314.037,392.42,347.82
2022-08-22,286.119,383.776,325.462
2022-08-23,259.27,348.897,303.14
2022-08-24,232.711,331.922,285.0
2022-08-25,247.79,344.45,291.276
2022-08-26,281.56,343.387,317.031
2022-08-27,229.011,337.949,283.591
2022-08-28,202.144,295.139,251.096
2022-08-29,212.65,299.269,259.446
2022-08-30,210.244,278.025,251.114
2022-08-31,173.957,270.161,224.858
2022-09-01,155.307,256.235,204.529
2022-09-02,135.56,216.905,176.482
2022-09-03,100.922,184.243,143.451
2022-09-04,92.26,157.196,125.9
2022-09-05,62.167,127.585,95.01
2022-09-06,56.121,104.02,81.808
2022-09-07,48.038,88.613,66.986
2022-09-08,57.66,71.494,66.23
2022-09-09,50.367,62.54,56.32
2022-09-10,48.514,77.135,65.143
2022-09-11,57.913,87.279,71.358
2022-09-12,41.99,76.648,57.41
2022-09-13,23.621,59.063,40.704
2022-09-14,6.155,37.512,21.913
2022-09-15,-13.409,18.119,2.572
2022-09-16,-50.375,-6.277,-24.258
2022-09-17,-74.983,-28.816,-57.848
2022-09-18,-81.419,-72.817,-76.021
2022-09-19,-78.376,-64.587,-73.281
2022-09-20,-83.268,-74.681,-78.981
2022-09-21,-87.99,-59.479,-73.155
2022-09-22,-90.867,-75.37,-83.237
2022-09-23,-82.87,-78.035,-80.482
2022-09-24,-92.427,-80.222,-84.13
2022-09-25,-88.015,-78.548,-83.813
2022-09-26,-91.199,-78.84,-85.667
2022-09-27,-90.745,-79.124,-86.153
2022-09-28,-91.332,-78.758,-85.808
2022-09-29,-91.238,-76.567,-85.39
2022-09-30,-92.072,-77.738,-85.878
2022-10-01,-90.425,-79.516,-85.892
2022-10-02,-91.647,-77.242,-86.136
2022-10-03,-91.574,-82.354,-87.763
2022-10-04,-93.706,-89.178,-91.252
2022-10-05,-97.182,-85.419,-92.13
2022-10-06,-94.787,-89.66,-92.384
2022-10-07,-96.034,-89.482,-93.681
2022-10-08,-100.656,-83.553,-90.207
2022-10-09,-94.455,-83.274,-88.58
2022-10-10,-93.198,-79.825,-87.862
2022-10-11,-93.053,-80.137,-87.742
2022-10-12,-94.472,-81.671,-89.074
2022-10-13,-94.512,-79.933,-88.876
2022-10-14,-94.444,-80.097,-88.56
2022-10-15,-94.363,-80.235,-88.482
2022-10-16,-93.78,-78.701,-87.905
2022-10-17,-92.987,-84.749,-90.119
2022-10-18,-95.531,-83.064,-90.608
2022-10-19,-95.548,-83.854,-91.02
2022-10-20,-97.284,-82.157,-91.14
2022-10-21,-95.789,-86.582,-92.375
2022-10-22,-98.948,-81.777,-91.996
2022-10-23,-96.91,-82.889,-91.497
2022-10-24,-99.352,-81.545,-92.055
2022-10-25,-97.712,-83.144,-92.052
2022-10-26,-99.021,-83.341,-92.81
2022-10-27,-99.636,-83.247,-92.967
2022-10-28,-99.91,-93.409,-96.856
2022-10-29,-101.646,-95.764,-99.431
2022-10-30,-102.524,-92.286,-99.148
2022-10-31,-103.705,-91.525,-97.971
2022-11-01,-102.475,-86.13,-95.8
2022-11-02,-100.417,-84.05,-93.819
2022-11-03,-99.278,-81.353,-92.232
2022-11-04,-99.057,-82.704,-92.107
2022-11-05,-98.661,-81.57,-91.29
2022-11-06,-98.493,-79.713,-90.888
2022-11-07,-97.304,-78.337,-89.964
2022-11-08,-95.509,-79.488,-89.626
2022-11-09,-97.824,-81.895,-92.007
2022-11-10,-98.174,-90.292,-94.619
2022-11-11,-99.805,-90.043,-97.137
2022-11-12,-99.511,-94.945,-97.388
2022-11-13,-105.426,-92.113,-97.041
2022-11-14,-99.596,-90.355,-96.072
2022-11-15,-100.158,-84.739,-93.151
2022-11-16,-99.293,-81.792,-91.822
2022-11-17,-98.1,-80.227,-90.647
2022-11-18,-98.397,-80.884,-91.008
2022-11-19,-98.233,-81.056,-90.589
2022-11-20,-99.165,-79.808,-91.023
2022-11-21,-98.543,-79.563,-90.471
2022-11-22,-96.914,-75.925,-87.669
2022-11-23,-94.946,-73.536,-85.649
2022-11-24,-92.605,-73.54,-84.501
2022-11-25,-92.345,-71.997,-83.341
2022-11-26,-90.741,-68.545,-81.351
2022-11-27,-89.895,-66.922,-80.112
2022-11-28,-89.386,-69.497,-80.177
2022-11-29,-92.378,-73.82,-83.946
2022-11-30,-94.172,-76.388,-86.479
2022-12-01,-95.59,-72.287,-85.842
2022-12-02,-93.397,-71.279,-84.161
2022-12-03,-93.844,-72.465,-84.587
2022-12-04,-94.258,-70.824,-83.953
2022-12-05,-92.797,-71.224,-84.043
2022-12-06,-93.385,-71.285,-83.937
2022-12-07,-93.522,-73.637,-84.989
2022-12-08,-93.879,-71.833,-84.426
2022-12-09,-92.833,-71.11,-83.929
2022-12-10,-92.189,-68.177,-82.133
2022-12-11,-91.108,-68.817,-81.746
2022-12-12,-92.797,-69.708,-82.233
2022-12-13,-92.172,-67.465,-81.341
2022-12-14,-91.615,-71.21,-82.273
2022-12-15,-93.121,-65.636,-81.742
2022-12-16,-90.41,-67.937,-80.837
2022-12-17,-91.156,-69.899,-82.455
2022-12-18,-92.321,-67.616,-81.738
2022-12-19,-91.133,-68.355,-81.616
2022-12-20,-92.015,-70.178,-82.5
2022-12-21,-91.821,-68.058,-81.869
2022-12-22,-91.146,-72.121,-82.922
2022-12-23,-93.23,-71.325,-83.571
2022-12-24,-92.898,-70.009,-83.378
2022-12-25,-92.73,-69.893,-82.994
2022-12-26,-90.625,-70.911,-82.543
2022-12-27,-92.014,-72.31,-84.401
2022-12-28,-91.862,-67.175,-81.883
2022-12-29,-90.792,-64.187,-79.397
2022-12-30,-89.147,-65.26,-79.763
2022-12-31,-91.623,-80.142,-86.173
2023-01-01,-95.189,-74.773,-85.721
2023-01-02,-94.556,-71.47,-84.453
2023-01-03,-92.88,-67.75,-82.089
2023-01-04,-88.931,-62.055,-78.157
2023-01-05,-86.907,-61.157,-76.454
2023-01-06,-86.939,-60.237,-75.864
2023-01-07,-85.825,-60.231,-75.033
2023-01-08,-84.416,-60.065,-74.001
2023-01-09,-84.871,-59.148,-74.527
2023-01-10,-86.664,-66.783,-78.153
2023-01-11,-89.598,-65.259,-79.305
2023-01-12,-90.41,-67.357,-80.553
2023-01-13,-90.984,-63.867,-80.012
2023-01-14,-89.725,-65.536,-79.366
2023-01-15,-89.023,-62.973,-78.26
2023-01-16,-88.481,-64.042,-78.017
2023-01-17,-88.325,-62.221,-77.769
2023-01-18,-87.224,-60.238,-75.993
2023-01-19,-84.377,-59.303,-73.859
2023-01-20,-86.449,-61.913,-76.38
2023-01-21,-88.412,-63.584,-77.856
2023-01-22,-88.232,-60.846,-76.963
2023-01-23,-86.25,-71.912,-80.491
2023-01-24,-73.547,-63.593,-68.414
2023-01-25,-86.92,-64.954,-77.654
2023-01-26,-88.013,-65.095,-78.62
2023-01-27,-88.473,-61.745,-77.507
2023-01-28,-86.295,-56.421,-74.097
2023-01-29,-82.482,-53.59,-70.144
2023-01-30,-82.676,-53.876,-70.705
2023-01-31,-81.946,-54.013,-70.402
2023-02-01,-84.164,-57.438,-73.054
2023-02-02,-84.861,-54.031,-72.026
2023-02-03,-81.075,-55.557,-68.902
2023-02-04,-81.372,-52.238,-69.342
2023-02-05,-80.905,-55.076,-68.994
2023-02-06,-81.505,-56.331,-70.39
2023-02-07,-81.316,-55.559,-70.354
2023-02-08,-82.797,-55.893,-71.334
2023-02-09,-84.841,-55.431,-72.362
2023-02-10,-84.403,-56.51,-72.184
2023-02-11,-84.284,-58.364,-72.561
2023-02-12,-85.407,-62.372,-75.36
2023-02-13,-88.9,-64.808,-77.708
2023-02-14,-88.066,-63.734,-77.173
2023-02-15,-86.306,-60.694,-75.192
2023-02-16,-87.019,-64.789,-77.315
2023-02-17,-88.767,-66.745,-79.461
2023-02-18,-87.595,-65.221,-78.041
2023-02-19,-87.812,-64.156,-77.693
2023-02-20,-86.156,-61.894,-76.013
2023-02-21,-86.366,-60.683,-75.278
2023-02-22,-85.798,-61.446,-75.463
2023-02-23,-86.666,-60.237,-75.347
2023-02-24,-85.249,-63.124,-75.333
2023-02-25,-87.215,-66.869,-78.096
2023-02-26,-88.823,-65.799,-78.853
2023-02-27,-85.926,-59.46,-74.972
2023-02-28,-85.779,-59.478,-74.247
2023-03-01,-84.943,-59.934,-73.498
2023-03-02,-83.913,-56.265,-72.432
2023-03-03,-82.664,-58.719,-71.557
2023-03-04,-83.412,-57.798,-72.09
2023-03-05,-82.689,-56.729,-71.454
2023-03-06,-85.166,-64.791,-75.261
2023-03-07,-87.13,-66.87,-78.523
2023-03-08,-87.747,-68.783,-79.528
2023-03-09,-87.918,-72.178,-81.227
2023-03-10,-90.179,-68.933,-80.74
2023-03-11,-88.62,-68.938,-80.098
2023-03-12,-89.94,-70.748,-81.208
2023-03-13,-89.424,-71.053,-81.418
2023-03-14,-89.778,-72.85,-82.377
2023-03-15,-91.361,-73.728,-83.532
2023-03-16,-91.338,-74.647,-83.799
2023-03-17,-92.627,-74.019,-84.238
2023-03-18,-92.522,-74.046,-83.878
2023-03-19,-92.055,-72.819,-83.265
2023-03-20,-91.874,-74.214,-83.783
2023-03-21,-92.727,-75.402,-84.596
2023-03-22,-92.692,-75.995,-85.075
2023-03-23,-92.805,-74.829,-84.903
2023-03-24,-92.344,-76.92,-85.096
2023-03-25,-94.753,-77.505,-86.38
2023-03-26,-93.283,-77.263,-85.912
2023-03-27,-93.944,-78.962,-87.129
2023-03-28,-95.749,-82.902,-89.53
2023-03-29,-97.343,-84.363,-91.235
2023-03-30,-98.064,-84.12,-91.952
2023-03-31,-97.068,-81.891,-90.285
2023-04-01,-97.047,-82.493,-90.338
2023-04-02,-96.538,-86.076,-91.899
2023-04-03,-98.904,-84.981,-92.346
2023-04-04,-97.76,-84.145,-91.741
2023-04-05,-97.065,-86.819,-92.333
2023-04-06,-98.858,-86.272,-92.894
2023-04-07,-99.326,-85.022,-92.591
2023-04-08,-98.27,-84.993,-92.08
2023-04-09,-98.491,-85.087,-91.947
2023-04-10,-95.499,-85.457,-91.317
2023-04-11,-97.362,-86.786,-92.605
2023-04-12,-98.401,-89.963,-94.481
2023-04-13,-99.365,-88.275,-94.758
2023-04-14,-98.948,-89.255,-95.102
2023-04-15,-101.367,-91.283,-96.671
2023-04-16,-101.867,-91.541,-97.21
2023-04-17,-102.648,-93.265,-98.466
2023-04-18,-100.908,-96.488,-99.24
2023-04-19,-102.933,-89.375,-97.064
2023-04-20,-99.256,-88.243,-94.481
2023-04-21,-100.617,-91.163,-96.324
2023-04-22,-101.013,-89.821,-96.255
2023-04-23,-100.008,-88.95,-95.127
2023-04-24,-100.475,-89.127,-95.27
2023-04-25,-100.33,-90.681,-96.245
2023-04-26,-99.517,-89.541,-95.686
2023-04-27,-100.399,-90.142,-95.549
2023-04-28,-100.95,-93.568,-97.641
2023-04-29,-101.64,-95.408,-99.0
2023-04-30,-102.397,-64.836,-73.833
2023-05-01,-71.487,-65.308,-68.444
2023-05-02,-77.312,-70.823,-74.069
2023-05-03,-81.793,-75.811,-78.043
2023-05-04,-84.988,-79.478,-82.116
2023-05-05,-101.859,-84.33,-92.079
2023-05-06,-109.671,-98.554,-101.49
2023-05-07,-106.218,-96.595,-100.42
2023-05-08,-104.844,-96.018,-99.882
2023-05-09,-100.744,-96.203,-98.57
2023-05-10,-102.198,-95.027,-98.583
2023-05-11,-100.722,-95.559,-97.837
2023-05-12,-101.765,-94.612,-98.509
2023-05-13,-101.063,-93.409,-97.535
2023-05-14,-101.204,-92.109,-96.901
2023-05-15,-100.315,-92.72,-96.494
2023-05-16,-101.115,-93.001,-97.502
2023-05-17,-101.811,-97.566,-99.339
2023-05-18,-103.139,-98.234,-101.103
2023-05-19,-103.814,-96.942,-100.64
2023-05-20,-104.457,-97.557,-100.99
2023-05-21,-102.96,-73.609,-91.164
2023-05-22,-74.252,-53.346,-62.745
2023-05-23,-63.42,-23.885,-44.589
2023-05-24,-23.247,-10.941,-14.019
2023-05-25,-11.242,-2.804,-7.394
2023-05-26,-7.814,-2.715,-5.341
2023-05-27,-4.952,0.03,-2.79
2023-05-28,-10.599,-2.769,-6.806
2023-05-29,-13.986,-9.366,-11.727
2023-05-30,-18.908,-13.638,-16.073
2023-05-31,-24.073,-12.562,-18.913
2023-06-01,-32.72,-22.026,-26.365
2023-06-02,-42.988,-30.845,-35.629
2023-06-03,-36.532,-31.512,-33.875
2023-06-04,-35.392,-29.125,-31.647
2023-06-05,-38.952,-25.541,-32.353
2023-06-06,-47.291,-34.46,-40.185
2023-06-07,-68.444,-47.41,-55.481
2023-06-08,-95.993,-69.632,-80.745
2023-06-09,-98.921,-85.162,-96.413
2023-06-10,-100.833,-59.213,-74.885
2023-06-11,-97.153,-79.876,-85.691
2023-06-12,-88.666,-80.045,-84.321
2023-06-13,-90.877,-80.169,-86.387
2023-06-14,-97.064,-80.849,-90.015
2023-06-15,-104.313,-96.597,-100.218
2023-06-16,-114.806,-40.598,-79.502
2023-06-17,-72.283,-23.249,-42.993
2023-06-18,-32.452,-20.07,-28.237
2023-06-19,-33.347,-23.587,-29.771
2023-06-20,-33.84,-23.21,-30.225
2023-06-21,-38.653,-27.605,-32.062
2023-06-22,-49.027,-34.521,-41.647
2023-06-23,-53.206,-43.225,-46.927
2023-06-24,-61.806,-53.486,-57.638
2023-06-25,-70.278,-59.988,-65.993
2023-06-26,-77.754,-36.253,-61.334
2023-06-27,-43.736,-32.667,-37.76
2023-06-28,-53.87,-43.694,-48.708
2023-06-29,-68.845,-54.766,-60.321
2023-06-30,-73.439,-39.965,-57.896
2023-07-01,-42.78,-36.69,-40.279
2023-07-02,-42.504,-26.183,-38.937
2023-07-03,-27.678,-12.819,-20.787
2023-07-04,-34.451,-26.953,-30.783
2023-07-05,-40.247,-29.664,-34.816
2023-07-06,-40.701,-35.509,-38.014
2023-07-07,-50.038,-37.319,-44.699
2023-07-08,-41.663,8.445,-12.098
2023-07-09,13.344,17.892,15.354
2023-07-10,7.569,14.421,10.906
2023-07-11,-33.205,8.8,4.696
2023-07-12,-43.869,-41.588,-42.754
2023-07-13,-42.674,-41.423,-42.148
2023-07-14,-42.188,-40.369,-41.332
2023-07-15,-41.272,-40.646,-40.926
2023-07-16,-41.399,-40.48,-40.897
2023-07-17,-41.709,-40.493,-41.104
2023-07-18,-41.092,-26.168,-38.691
2023-07-19,-28.592,-24.339,-26.932
2023-07-20,-26.604,-20.776,-23.655
2023-07-21,-22.308,64.119,12.062
2023-07-22,68.685,114.221,96.391
2023-07-23,109.356,117.421,112.93
2023-07-24,101.604,110.732,105.7
2023-07-25,100.539,110.264,106.069
2023-07-26,104.333,108.601,106.784
2023-07-27,95.056,106.008,100.094
2023-07-28,93.836,97.333,95.435
2023-07-29,90.348,95.511,93.244
2023-07-30,85.357,94.034,90.278
2023-07-31,80.971,88.111,84.342
2023-08-01,75.369,84.046,79.459
2023-08-02,65.659,76.758,71.185
2023-08-03,53.97,64.911,60.273
2023-08-04,45.782,55.361,51.493
2023-08-05,36.048,47.609,43.131
2023-08-06,29.066,41.683,33.779
2023-08-07,24.98,32.452,29.218
2023-08-08,21.038,31.099,26.642
2023-08-09,15.114,26.828,22.089
2023-08-10,14.807,47.842,35.417
2023-08-11,44.801,47.251,46.24
2023-08-12,41.915,47.53,45.372
2023-08-13,32.053,42.235,38.089
2023-08-14,21.259,31.903,27.869
2023-08-15,11.972,21.112,17.456
2023-08-16,3.143,13.045,8.385
2023-08-17,2.545,15.175,11.75
2023-08-18,14.713,18.044,16.454
2023-08-19,18.657,74.82,43.807
2023-08-20,76.033,119.904,102.474
2023-08-21,119.97,135.765,126.008
2023-08-22,141.394,201.003,181.806
2023-08-23,171.353,209.89,199.871
2023-08-24,210.196,223.337,215.447
2023-08-25,222.996,225.902,224.342
2023-08-26,193.122,224.475,213.51
2023-08-27,181.695,205.545,195.689
2023-08-28,203.714,229.363,220.919
2023-08-29,231.488,234.223,232.97
2023-08-30,,,
2023-08-31,,,
2023-09-01,,,
2023-09-02,174.383,208.734,192.888
2023-09-03,226.642,235.618,232.031
2023-09-04,250.653,275.101,261.649
2023-09-05,269.003,277.093,274.25
2023-09-06,274.946,289.212,282.183
2023-09-07,290.429,302.429,297.948
2023-09-08,,,
2023-09-09,199.216,292.68,272.497
2023-09-10,214.411,278.238,251.379
2023-09-11,292.97,298.3,294.912
2023-09-12,165.144,298.753,251.027
2023-09-13,279.294,289.635,285.416
2023-09-14,306.799,312.564,310.466
2023-09-15,294.792,294.792,294.792
2023-09-16,303.454,317.886,311.618
2023-09-17,276.275,304.071,292.691
2023-09-18,294.223,324.314,307.114
2023-09-19,277.971,332.977,301.984
2023-09-20,301.079,324.32,312.658
2023-09-21,322.205,339.822,329.775
2023-09-22,227.226,343.176,310.206
2023-09-23,345.916,369.155,358.429
2023-09-24,173.427,351.537,277.682
2023-09-25,171.458,264.04,215.91
2023-09-26,181.492,248.985,222.729
2023-09-27,214.033,255.531,241.298
2023-09-28,235.772,261.311,253.759
2023-09-29,-39.831,267.252,147.197
2023-09-30,-6.947,34.627,21.72
2023-10-01,23.377,56.88,37.111
2023-10-02,9.768,59.467,39.693
2023-10-03,-53.697,4.435,-30.549
2023-10-04,-57.952,-43.951,-50.521
2023-10-05,-59.757,-48.644,-53.539
2023-10-06,-58.38,-50.761,-54.248
2023-10-07,-56.678,-46.627,-53.651
2023-10-08,-56.651,-45.807,-52.444
2023-10-09,-58.269,-48.026,-53.008
2023-10-10,-63.395,-49.96,-55.033
2023-10-11,-57.725,-50.364,-53.818
2023-10-12,-66.496,-51.121,-57.871
2023-10-13,-65.685,-51.214,-58.523
2023-10-14,-59.869,-51.508,-55.672
2023-10-15,-63.184,-52.227,-57.567
2023-10-16,-67.735,-52.672,-60.186
2023-10-17,-63.35,-52.966,-58.703
2023-10-18,-66.292,-51.372,-60.155
2023-10-19,-63.359,-52.626,-58.268
2023-10-20,-69.31,-53.213,-61.944
2023-10-21,-64.556,-56.463,-60.853
2023-10-22,-67.376,-53.266,-60.255
2023-10-23,-86.638,-63.647,-73.997
2023-10-24,-114.428,-86.922,-97.134
2023-10-25,-123.196,-89.206,-104.509
2023-10-26,-90.0,-76.208,-83.982
2023-10-27,-92.476,-86.7,-89.168
2023-10-28,-97.978,-53.898,-85.582
2023-10-29,-51.376,-18.965,-29.537
2023-10-30,-30.704,-17.737,-23.207
2023-10-31,-43.881,-18.191,-31.233
2023-11-01,-53.275,-39.642,-45.608
2023-11-02,-70.282,-50.353,-58.062
2023-11-03,-87.532,-69.441,-76.457
2023-11-04,-94.828,-85.756,-88.561
2023-11-05,-90.179,-86.772,-88.879
2023-11-06,-91.503,-88.846,-89.928
2023-11-07,-92.969,-89.536,-91.35
2023-11-08,-96.116,-91.626,-93.516
2023-11-09,-96.721,-92.384,-94.304
2023-11-10,-104.455,-93.042,-97.83
2023-11-11,-107.829,-102.421,-104.876
2023-11-12,-115.703,-84.818,-102.486
2023-11-13,-89.497,-74.851,-86.884
2023-11-14,-91.396,-88.791,-90.038
2023-11-15,-93.281,-90.728,-91.634
2023-11-16,-94.719,-90.759,-93.501
2023-11-17,-95.739,-81.163,-90.492
2023-11-18,-94.443,-80.123,-88.451
2023-11-19,-92.735,-82.583,-88.446
2023-11-20,-90.806,-87.507,-89.268
2023-11-21,-91.993,-88.89,-90.247
2023-11-22,-92.202,-89.672,-91.075
2023-11-23,-92.055,-89.058,-90.346
2023-11-24,-91.356,-86.86,-89.342
2023-11-25,-91.036,-86.208,-88.939
2023-11-26,-91.564,-86.126,-88.934
2023-11-27,-92.682,-87.553,-89.597
2023-11-28,-93.898,-89.793,-91.653
2023-11-29,-97.277,-92.565,-94.872
2023-11-30,-98.091,-94.632,-95.988
2023-12-01,-99.39,-95.098,-97.008
2023-12-02,-100.62,-97.973,-99.095
2023-12-03,-101.427,-98.005,-99.564
2023-12-04,-100.624,-96.226,-98.627
2023-12-05,-99.637,-96.28,-97.93
2023-12-06,-100.764,-97.407,-98.81
2023-12-07,-100.495,-94.78,-97.944
2023-12-08,-100.177,-94.895,-97.18
2023-12-09,-100.615,-95.123,-97.475
2023-12-10,-99.951,-92.458,-96.715
2023-12-11,-99.706,-93.311,-96.642
2023-12-12,-101.179,-94.714,-97.918
2023-12-13,-100.885,-95.965,-98.22
2023-12-14,-101.985,-95.142,-98.553
2023-12-15,-102.248,-96.789,-99.53
2023-12-16,-103.646,-97.93,-100.335
2023-12-17,-105.632,-98.683,-102.137
2023-12-18,-103.931,-96.422,-100.836
2023-12-19,-103.517,-94.398,-99.301
2023-12-20,-102.848,-95.527,-99.255
2023-12-21,-102.173,-92.971,-98.273
2023-12-22,-101.825,-92.435,-97.282
2023-12-23,-100.815,-93.88,-97.833
2023-12-24,-102.909,-92.699,-97.99
2023-12-25,-100.355,-89.319,-96.157
2023-12-26,-100.75,-89.625,-95.06
2023-12-27,-100.964,-90.642,-96.667
2023-12-28,-103.004,-95.909,-99.164
2023-12-29,-103.832,-92.849,-99.399
2023-12-30,-102.316,-92.253,-97.665
2023-12-31,-102.71,-93.164,-98.323
2024-01-01,-103.223,-93.305,-98.718
2024-01-02,-103.306,-91.035,-97.921
2024-01-03,-102.119,-89.674,-96.637
2024-01-04,-101.522,-90.507,-96.36
2024-01-05,-101.683,-91.92,-97.88
2024-01-06,-104.284,-94.802,-99.449
2024-01-07,-106.087,-95.098,-100.291
2024-01-08,-105.319,-94.876,-100.593
2024-01-09,-105.192,-94.76,-100.423
2024-01-10,-104.475,-93.117,-99.894
2024-01-11,-104.469,-93.02,-99.609
2024-01-12,-110.138,-93.194,-102.617
2024-01-13,-105.318,-94.876,-100.684
2024-01-14,-105.499,-93.548,-100.436
2024-01-15,-104.86,-94.477,-100.24
2024-01-16,-103.146,-91.962,-97.286
2024-01-17,-94.958,-83.272,-89.688
2024-01-18,-93.755,-81.823,-88.957
2024-01-19,-92.858,-78.864,-86.862
2024-01-20,-93.463,-78.009,-86.163
2024-01-21,-92.4,-75.697,-85.749
2024-01-22,-92.806,-76.117,-85.229
2024-01-23,-94.054,-76.758,-86.107
2024-01-24,-94.615,-76.622,-86.969
2024-01-25,-94.046,-78.725,-87.547
2024-01-26,-94.038,-80.567,-88.394
2024-01-27,-95.702,-81.819,-89.567
2024-01-28,-96.463,-83.688,-90.3
2024-01-29,-96.176,-83.303,-90.444
2024-01-30,-96.036,-83.402,-90.362
2024-01-31,-96.176,-82.743,-90.247
2024-02-01,-96.146,-79.883,-88.882
2024-02-02,-94.197,-79.857,-88.262
2024-02-03,-94.447,-77.718,-87.706
2024-02-04,-94.575,-78.21,-87.608
2024-02-05,-93.11,-78.949,-87.006
2024-02-06,-93.408,-79.556,-86.897
2024-02-07,-92.648,-78.634,-86.125
2024-02-08,-92.808,-78.827,-86.455
2024-02-09,-93.602,-79.243,-86.632
2024-02-10,-93.309,-79.698,-87.18
2024-02-11,-94.836,-80.524,-87.842
2024-02-12,-94.362,-77.885,-87.43
2024-02-13,-93.407,-76.957,-86.962
2024-02-14,-93.993,-78.337,-86.539
2024-02-15,-93.241,-77.938,-86.519
2024-02-16,-94.116,-77.58,-86.116
2024-02-17,-92.605,-78.029,-85.806
2024-02-18,-92.077,-78.054,-85.481
2024-02-19,-91.603,-76.396,-85.421
2024-02-20,-94.303,-78.365,-86.197
2024-02-21,-93.617,-79.527,-87.276
2024-02-22,-94.983,-84.204,-90.193
2024-02-23,-97.787,-87.254,-93.925
2024-02-24,-94.398,-84.048,-90.936
2024-02-25,-92.668,-80.21,-87.816
2024-02-26,-92.05,-79.273,-86.646
2024-02-27,-92.204,-78.785,-86.547
2024-02-28,-90.983,-78.02,-85.944
2024-02-29,-90.865,-76.985,-85.103
2024-03-01,-91.763,-77.339,-85.605
2024-03-02,-91.62,-78.305,-85.94
2024-03-03,-92.512,-78.681,-86.269
2024-03-04,-91.76,-78.62,-86.774
2024-03-05,-92.081,-77.275,-85.643
2024-03-06,-93.736,-79.157,-86.978
2024-03-07,-93.923,-80.574,-88.27
2024-03-08,-95.94,-84.752,-90.697
2024-03-09,-95.965,-84.229,-91.321
2024-03-10,-94.691,-85.438,-91.97
2024-03-11,-96.7,-84.294,-91.681
2024-03-12,-96.173,-85.828,-92.218
2024-03-13,-96.918,-85.166,-92.627
2024-03-14,-96.621,-86.192,-92.884
2024-03-15,-96.854,-86.553,-92.744
2024-03-16,-97.077,-87.311,-93.067
2024-03-17,-96.927,-85.765,-93.657
2024-03-18,-97.081,-87.871,-93.632
2024-03-19,-98.177,-88.132,-93.85
2024-03-20,-105.003,-91.116,-98.639
2024-03-21,-104.008,-91.023,-99.967
2024-03-22,-102.098,-90.702,-97.911
2024-03-23,-99.479,-90.65,-96.984
2024-03-24,-99.002,-87.817,-95.554
2024-03-25,-95.893,-83.325,-91.87
2024-03-26,-93.724,-82.583,-89.111
2024-03-27,-93.643,-80.804,-88.738
2024-03-28,-93.583,-79.626,-88.793
2024-03-29,-93.822,-81.25,-88.519
2024-03-30,-93.663,-82.84,-89.631
2024-03-31,-99.851,-89.949,-94.093
2024-04-01,-100.31,-87.851,-96.201
2024-04-02,-107.652,-95.74,-100.424
2024-04-03,-113.004,-102.073,-107.855
2024-04-04,-108.015,-100.742,-105.636
2024-04-05,-106.605,-99.067,-104.279
2024-04-06,-106.122,-98.848,-103.136
2024-04-07,-106.3,-96.365,-103.117
2024-04-08,-105.428,-95.888,-102.444
2024-04-09,-104.028,-96.475,-101.638
2024-04-10,-104.944,-94.825,-100.821
2024-04-11,-103.208,-96.508,-100.778
2024-04-12,-106.572,-100.295,-102.489
2024-04-13,-107.086,-104.155,-105.577
2024-04-14,-108.424,-99.337,-105.435
2024-04-15,-114.376,-100.194,-105.973
2024-04-16,-114.46,-98.332,-106.446
2024-04-17,-104.331,-97.709,-101.748
2024-04-18,-102.014,-95.302,-99.681
2024-04-19,-100.936,-97.757,-99.492
2024-04-20,-102.044,-97.711,-100.653
2024-04-21,-103.359,-99.775,-101.717
2024-04-22,-108.005,-102.861,-105.224
2024-04-23,-109.826,-103.67,-107.365
2024-04-24,-109.246,-102.621,-107.111
2024-04-25,-108.631,-101.494,-106.315
2024-04-26,-107.782,-103.982,-106.152
2024-04-27,-109.356,-104.552,-107.328
2024-04-28,-111.34,-105.133,-109.291
2024-04-29,-114.013,-108.596,-111.485
2024-04-30,-93.024,-65.748,-70.944
2024-05-01,-65.575,-59.198,-61.59
2024-05-02,-60.537,-58.776,-59.624
2024-05-03,-65.169,-58.298,-61.679
2024-05-04,-71.67,12.027,-32.465
2024-05-05,-3.496,30.913,20.726
2024-05-06,9.196,34.436,18.748
2024-05-07,18.548,95.388,62.124
2024-05-08,96.006,102.141,99.141
2024-05-09,97.532,100.662,98.461
2024-05-10,96.509,99.273,97.788
2024-05-11,94.448,99.286,97.179
2024-05-12,95.076,98.894,97.113
2024-05-13,95.456,97.879,96.897
2024-05-14,93.067,97.927,95.069
2024-05-15,77.734,95.53,91.436
2024-05-16,84.785,89.768,87.471
2024-05-17,70.052,87.821,82.961
2024-05-18,64.761,77.21,71.927
2024-05-19,55.645,65.982,61.786
2024-05-20,21.758,83.251,59.416
2024-05-21,40.977,75.504,61.837
2024-05-22,24.434,55.606,43.207
2024-05-23,-5.983,24.139,8.506
2024-05-24,-18.716,5.747,-4.519
2024-05-25,-23.872,-7.59,-15.93
2024-05-26,-44.694,-20.509,-32.457
2024-05-27,-68.875,-30.684,-51.927
2024-05-28,-82.862,-64.306,-72.79
2024-05-29,-75.376,-68.692,-72.19
2024-05-30,-78.364,-72.888,-74.931
2024-05-31,-78.06,-63.522,-72.791
2024-06-01,-96.253,-69.416,-88.386
2024-06-02,-97.093,-86.934,-93.747
2024-06-03,-99.653,-93.886,-96.497
2024-06-04,-107.839,-98.725,-102.124
2024-06-05,-113.694,-97.566,-106.647
2024-06-06,-110.484,-91.405,-102.056
2024-06-07,-111.372,-102.127,-107.095
2024-06-08,-106.067,-100.587,-104.393
2024-06-09,-99.669,-93.845,-96.371
2024-06-10,-101.495,-97.957,-99.547
2024-06-11,-101.201,-95.426,-97.787
2024-06-12,-104.396,-92.198,-99.267
2024-06-13,-91.295,-81.072,-85.308
2024-06-14,-92.331,-76.656,-83.706
2024-06-15,-100.289,-84.721,-92.404
2024-06-16,-87.805,-74.885,-80.69
2024-06-17,-86.781,-74.303,-82.079
2024-06-18,-88.021,-78.416,-83.619
2024-06-19,-90.79,-84.368,-89.338
2024-06-20,-91.097,-88.823,-89.956
2024-06-21,-93.096,-84.116,-89.796
2024-06-22,-92.187,-89.152,-91.128
2024-06-23,-91.575,-90.364,-90.795
2024-06-24,-90.52,-87.782,-89.436
2024-06-25,-90.847,-88.703,-89.56
2024-06-26,-91.914,-89.312,-91.009
2024-06-27,-91.449,-89.017,-89.66
2024-06-28,-89.479,-88.106,-88.805
2024-06-29,-89.323,-83.535,-87.289
2024-06-30,-90.542,-84.604,-87.914
2024-07-01,-92.824,-87.647,-90.177
2024-07-02,-89.018,-87.485,-88.075
2024-07-03,-89.774,-86.117,-88.491
2024-07-04,-95.561,-87.474,-88.824
2024-07-05,-88.557,-87.783,-88.194
2024-07-06,-88.553,-87.628,-88.115
2024-07-07,-89.302,-87.769,-88.511
2024-07-08,-90.212,-87.474,-88.907
2024-07-09,-92.802,-90.511,-91.806
2024-07-10,-93.1,-88.22,-90.774
2024-07-11,-91.42,-88.226,-89.82
2024-07-12,-93.386,-90.962,-92.397
2024-07-13,-92.942,-91.415,-92.129
2024-07-14,-92.171,-90.646,-91.527
2024-07-15,-91.701,-90.472,-91.055
2024-07-16,-91.384,-90.161,-90.718
2024-07-17,-91.825,-89.997,-90.933
2024-07-18,-93.036,-90.452,-92.255
2024-07-19,-93.642,-91.512,-92.582
2024-07-20,-93.788,-93.032,-93.38
2024-07-21,-94.25,-93.18,-93.694
2024-07-22,-94.091,-92.259,-93.23
2024-07-23,-93.618,-91.64,-92.967
2024-07-24,-94.827,-93.149,-93.825
2024-07-25,-95.417,-94.515,-95.049
2024-07-26,-95.714,-94.179,-94.836
2024-07-27,-95.373,-94.011,-94.739
2024-07-28,-96.403,-94.765,-95.575
2024-07-29,-97.001,-95.947,-96.484
2024-07-30,-97.888,-96.517,-97.003
2024-07-31,-98.909,-96.316,-97.358
2024-08-01,-101.742,-96.414,-98.058
2024-08-02,-98.84,-95.794,-97.342
2024-08-03,-96.707,-80.886,-91.22
2024-08-04,-86.064,-73.889,-76.903
2024-08-05,-78.755,-71.903,-75.677
2024-08-06,-79.529,-74.344,-76.486
2024-08-07,-83.948,-77.551,-80.648
2024-08-08,-86.543,-83.34,-84.907
2024-08-09,-88.065,-85.618,-86.899
2024-08-10,-87.587,-84.85,-86.103
2024-08-11,-89.107,-86.524,-87.615
2024-08-12,-87.578,-85.754,-86.696
2024-08-13,-88.023,-85.877,-87.071
2024-08-14,-88.305,-85.868,-87.371
2024-08-15,-86.63,-85.241,-85.923
2024-08-16,-86.758,-84.775,-85.816
2024-08-17,-85.848,-84.171,-85.199
2024-08-18,-87.204,-84.312,-85.95
2024-08-19,-86.903,-83.706,-85.313
2024-08-20,-85.227,-82.938,-84.067
2024-08-21,-84.462,-82.017,-83.287
2024-08-22,-81.87,-78.362,-80.069
2024-08-23,-80.202,-78.512,-79.509
2024-08-24,-80.341,-79.127,-79.792
2024-08-25,-79.892,-77.904,-78.745
2024-08-26,-79.58,-77.894,-78.681
2024-08-27,-79.697,-77.276,-78.333
2024-08-28,-79.1,-76.814,-77.959
2024-08-29,-79.821,-77.093,-78.655
2024-08-30,-80.269,-77.984,-79.138
2024-08-31,-81.028,-78.131,-79.865
2024-09-01,-81.004,-77.767,-79.551
2024-09-02,-87.348,-78.512,-82.121
2024-09-03,-90.102,-84.009,-86.289
2024-09-04,-99.398,-89.78,-92.698
2024-09-05,-92.669,-86.416,-89.279
2024-09-06,-107.696,-88.817,-99.895
2024-09-07,-117.718,-89.393,-105.474
2024-09-08,-91.321,-89.812,-90.454
2024-09-09,-92.666,-91.144,-91.857
2024-09-10,-94.607,-92.453,-93.391
2024-09-11,-95.077,-93.83,-94.376
2024-09-12,-96.568,-95.212,-95.724
2024-09-13,-99.235,-96.86,-97.894
2024-09-14,-100.549,-99.087,-99.831
2024-09-15,-102.179,-100.249,-101.316
2024-09-16,-102.919,-101.564,-102.252
2024-09-17,-103.273,-101.827,-102.637
2024-09-18,-104.178,-101.9,-103.134
2024-09-19,-104.22,-101.913,-103.223
2024-09-20,-104.553,-102.882,-103.482
2024-09-21,-104.166,-102.323,-103.375
2024-09-22,-103.735,-102.811,-103.324
2024-09-23,-104.656,-102.84,-103.597
2024-09-24,-104.065,-103.007,-103.63
2024-09-25,-103.916,-102.688,-103.486
2024-09-26,-104.198,-102.984,-103.596
2024-09-27,-104.462,-102.667,-103.5
2024-09-28,-105.145,-102.714,-103.796
2024-09-29,-104.68,-103.182,-103.84
2024-09-30,-105.876,-102.862,-103.955
2024-10-01,-105.005,-103.316,-104.118
2024-10-02,-104.419,-103.219,-103.795
2024-10-03,-104.137,-102.915,-103.692
2024-10-04,-104.696,-102.909,-103.814
2024-10-05,-104.852,-103.565,-104.227
2024-10-06,-106.427,-103.177,-104.552
2024-10-07,-106.243,-103.998,-104.782
2024-10-08,-106.089,-104.551,-105.15
2024-10-09,-105.472,-104.245,-104.85
2024-10-10,-105.156,-103.919,-104.661
2024-10-11,-105.504,-103.688,-104.416
2024-10-12,-104.704,-102.605,-103.969
2024-10-13,-104.238,-101.509,-103.184
2024-10-14,-103.262,-99.349,-101.767
2024-10-15,-101.322,-95.39,-99.29
2024-10-16,-97.128,-90.034,-94.148
2024-10-17,-97.365,-90.312,-93.241
2024-10-18,-93.469,-89.423,-91.601
2024-10-19,-91.899,-88.27,-90.313
2024-10-20,-90.818,-88.484,-89.441
2024-10-21,-91.355,-88.259,-90.086
2024-10-22,-91.897,-89.601,-90.796
2024-10-23,-95.913,-91.435,-94.465
2024-10-24,-99.408,-95.577,-97.777
2024-10-25,-101.111,-95.881,-98.519
2024-10-26,-101.683,-97.27,-99.55
2024-10-27,-101.319,-96.654,-98.79
2024-10-28,-101.384,-96.526,-98.896
2024-10-29,-101.335,-96.293,-98.771
2024-10-30,-102.063,-96.178,-98.981
2024-10-31,-102.841,-97.079,-100.108
2024-11-01,-103.729,-98.86,-101.226
2024-11-02,-106.051,-100.421,-103.205
2024-11-03,-105.856,-101.19,-104.176
2024-11-04,-110.252,-104.874,-107.586
2024-11-05,-110.055,-102.804,-106.781
2024-11-06,-107.792,-101.791,-105.117
2024-11-07,-106.549,-102.05,-104.575
2024-11-08,-107.278,-102.64,-105.172
2024-11-09,-107.738,-104.201,-105.992
2024-11-10,-113.194,-106.02,-109.967
2024-11-11,-116.873,-110.219,-114.052
2024-11-12,-114.053,-106.082,-110.769
2024-11-13,-109.74,-104.297,-107.257
2024-11-14,-109.627,-104.336,-106.848
2024-11-15,-109.122,-105.153,-107.565
2024-11-16,-112.352,-108.457,-110.387
2024-11-17,-113.604,-108.074,-110.936
2024-11-18,-113.439,-107.338,-110.453
2024-11-19,-112.114,-107.655,-109.797
2024-11-20,-112.47,-107.823,-110.143
2024-11-21,-113.474,-107.701,-110.473
2024-11-22,-112.872,-107.646,-110.427
2024-11-23,-113.243,-108.563,-111.004
2024-11-24,-114.071,-109.293,-111.595
2024-11-25,-116.645,-110.348,-113.572
2024-11-26,-119.105,-113.141,-116.012
2024-11-27,-119.921,-114.559,-117.003
2024-11-28,-121.711,-116.149,-119.829
2024-11-29,-124.676,-118.326,-122.182
2024-11-30,-123.243,-118.778,-120.866
2024-12-01,-124.632,-119.931,-121.92
2024-12-02,-125.897,-120.185,-123.157
2024-12-03,-125.632,-120.25,-122.783
2024-12-04,-124.866,-120.096,-122.858
2024-12-05,-125.614,-122.227,-124.141
2024-12-06,-127.137,-123.917,-125.474
2024-12-07,-127.372,-124.562,-125.821
2024-12-08,-127.789,-124.404,-126.003
2024-12-09,-128.087,-124.707,-126.316
2024-12-10,-127.748,-124.807,-126.174
2024-12-11,-128.366,-124.636,-126.213
2024-12-12,-127.863,-125.051,-126.274
2024-12-13,-129.714,-125.154,-127.076
2024-12-14,-128.697,-125.662,-127.054
2024-12-15,-128.035,-125.419,-126.654
2024-12-16,-128.71,-125.299,-126.707
2024-12-17,-128.888,-125.393,-127.188
2024-12-18,-129.494,-126.568,-128.124
2024-12-19,-129.973,-127.051,-128.275
2024-12-20,-130.322,-127.07,-128.804
2024-12-21,-130.535,-127.62,-129.089
2024-12-22,-130.488,-127.553,-128.848
2024-12-23,-130.519,-127.798,-128.781
2024-12-24,-130.785,-127.901,-129.443
2024-12-25,-131.352,-127.914,-129.438
2024-12-26,-130.76,-127.311,-129.159
2024-12-27,-131.172,-127.913,-129.383
2024-12-28,-131.079,-128.505,-129.597
2024-12-29,-131.824,-128.69,-130.074
2024-12-30,-132.049,-129.092,-130.65
2024-12-31,-133.673,-130.521,-131.964
2025-01-01,-133.948,-130.671,-132.429
2025-01-02,-134.912,-131.527,-133.013
2025-01-03,-134.257,-131.332,-132.732
2025-01-04,-134.218,-131.121,-132.699
2025-01-05,-134.104,-131.424,-132.571
2025-01-06,-134.105,-131.415,-132.612
2025-01-07,-134.751,-131.733,-133.189
2025-01-08,-134.903,-132.189,-133.548
2025-01-09,-135.737,-132.638,-133.998
2025-01-10,-135.831,-132.791,-134.242
2025-01-11,-136.473,-132.948,-134.454
2025-01-12,-135.753,-132.461,-134.381
2025-01-13,-136.27,-133.107,-134.76
2025-01-14,-137.287,-133.567,-135.781
2025-01-15,-138.24,-135.089,-136.828
2025-01-16,-139.017,-135.837,-137.354
2025-01-17,-139.714,-136.37,-137.951
2025-01-18,-139.921,-136.674,-138.311
2025-01-19,-140.995,-136.927,-139.076
2025-01-20,-139.932,-137.075,-138.522
2025-01-21,-140.791,-137.185,-138.908
2025-01-22,-140.677,-137.518,-139.138
2025-01-23,-141.474,-137.665,-139.427
2025-01-24,-142.134,-138.41,-140.29
2025-01-25,-141.556,-137.973,-139.945
2025-01-26,-141.387,-137.983,-139.84
2025-01-27,-142.014,-138.293,-140.068
2025-01-28,-141.878,-137.807,-140.22
2025-01-29,-141.905,-137.925,-140.261
2025-01-30,-141.818,-137.907,-139.738
2025-01-31,-142.347,-138.346,-140.21
2025-02-01,-142.727,-138.437,-140.561
2025-02-02,-143.243,-139.209,-141.258
2025-02-03,-144.952,-140.567,-142.716
2025-02-04,-146.397,-141.897,-143.727
2025-02-05,-146.179,-142.089,-144.228
2025-02-06,-146.227,-141.35,-143.962
2025-02-07,-145.31,-141.28,-143.213
2025-02-08,-145.344,-140.673,-143.069
2025-02-09,-143.906,-139.354,-141.84
2025-02-10,-143.921,-139.4,-142.012
2025-02-11,-145.744,-141.029,-143.266
2025-02-12,-146.355,-143.015,-144.929
2025-02-13,-147.937,-143.44,-145.573
2025-02-14,-148.034,-144.443,-146.432
2025-02-15,-149.385,-145.285,-147.078
2025-02-16,-149.975,-145.877,-147.839
2025-02-17,-149.997,-145.584,-148.072
2025-02-18,-149.794,-145.153,-147.668
2025-02-19,-148.916,-145.165,-146.833
2025-02-20,-149.98,-145.524,-147.556
2025-02-21,-150.373,-146.28,-148.354
2025-02-22,-150.753,-146.06,-148.275
2025-02-23,-150.417,-146.233,-148.271
2025-02-24,-150.782,-146.679,-148.763
2025-02-25,-151.064,-146.991,-148.97
2025-02-26,-151.632,-146.841,-149.441
2025-02-27,-151.565,-147.559,-149.441
2025-02-28,-152.563,-148.136,-150.373
2025-03-01,-153.296,-149.938,-151.625
2025-03-02,-153.782,-150.239,-152.072
2025-03-03,-154.743,-150.498,-152.749
2025-03-04,-154.813,-150.529,-152.731
2025-03-05,-154.314,-150.084,-152.588
2025-03-06,-154.63,-151.137,-152.828
2025-03-07,-155.853,-152.72,-154.146
2025-03-08,-157.809,-153.861,-155.872
2025-03-09,-156.798,-153.066,-155.212
2025-03-10,-156.659,-152.648,-154.605
2025-03-11,-156.539,-152.219,-154.459
2025-03-12,-156.247,-152.102,-154.448
2025-03-13,-155.933,-151.525,-154.026
2025-03-14,-156.438,-152.456,-154.001
2025-03-15,-156.4,-152.915,-154.718
2025-03-16,-157.529,-153.882,-155.831
2025-03-17,-158.112,-154.201,-156.362
2025-03-18,-158.244,-154.467,-156.396
2025-03-19,-157.541,-153.605,-155.742
2025-03-20,-156.86,-153.357,-155.282
2025-03-21,-157.455,-153.81,-155.777
2025-03-22,-158.574,-154.564,-156.564
2025-03-23,-160.658,-155.8,-158.42
2025-03-24,-162.953,-159.52,-161.208
2025-03-25,-162.561,-159.099,-161.171
2025-03-26,-163.012,-159.136,-160.78
2025-03-27,-162.931,-159.8,-160.945
2025-03-28,-163.759,-160.385,-161.995
2025-03-29,-165.164,-160.857,-162.519
2025-03-30,-166.425,-161.752,-164.524
2025-03-31,-170.199,-167.082,-168.75
2025-04-01,-170.086,-167.339,-168.602
2025-04-02,-169.689,-167.593,-168.752
2025-04-03,-170.227,-166.276,-168.639
2025-04-04,-168.701,-165.334,-167.25
2025-04-05,-167.822,-164.512,-166.109
2025-04-06,-167.063,-163.977,-165.424
2025-04-07,-168.031,-164.189,-165.997
2025-04-08,-166.656,-163.345,-164.919
2025-04-09,-166.452,-163.606,-164.796
2025-04-10,-167.389,-163.965,-165.937
2025-04-11,-168.574,-166.434,-167.459
2025-04-12,-170.431,-167.421,-168.909
2025-04-13,-170.451,-166.89,-168.664
2025-04-14,-169.351,-167.394,-168.342
2025-04-15,-171.649,-167.782,-169.361
2025-04-16,-171.588,-167.982,-169.558
2025-04-17,-170.504,-167.868,-169.1
2025-04-18,-170.555,-167.504,-169.152
2025-04-19,-170.472,-167.192,-168.815
2025-04-20,-170.964,-167.147,-168.359
2025-04-21,-170.088,-167.471,-168.675
2025-04-22,-170.584,-167.907,-169.061
2025-04-23,-170.96,-169.292,-170.007
2025-04-24,-172.552,-169.304,-170.834
2025-04-25,-173.65,-170.015,-172.085
2025-04-26,-175.072,-172.751,-173.767
2025-04-27,-175.032,-172.729,-173.773
2025-04-28,-174.59,-172.199,-173.526
2025-04-29,-174.484,-172.279,-173.193
2025-04-30,-174.428,-171.897,-173.329
2025-05-01,-175.584,-172.979,-173.759
2025-05-02,-175.789,-172.893,-174.38
2025-05-03,-176.079,-173.17,-174.418
2025-05-04,-174.777,-172.467,-173.558
2025-05-05,-174.829,-172.282,-173.339
2025-05-06,-174.768,-172.374,-173.396
2025-05-07,-175.454,-173.368,-174.52
2025-05-08,-177.378,-174.672,-176.223
2025-05-09,-177.882,-175.806,-176.904
2025-05-10,-178.146,-175.043,-176.629
2025-05-11,-176.943,-174.416,-175.733
2025-05-12,-176.623,-174.127,-175.402
2025-05-13,-176.507,-174.684,-175.441
2025-05-14,-177.206,-174.858,-175.878
2025-05-15,-177.32,-175.08,-175.939
2025-05-16,-177.476,-175.281,-176.144
2025-05-17,-177.71,-175.083,-176.249
2025-05-18,-179.616,-177.871,-178.596
2025-05-19,-180.251,-178.32,-179.516
2025-05-20,-180.634,-179.596,-179.989
2025-05-21,-180.971,-179.845,-180.436
2025-05-22,-181.321,-179.886,-180.687
2025-05-23,-181.421,-179.937,-180.615
2025-05-24,-181.394,-179.965,-180.605
2025-05-25,-182.079,-179.834,-180.61
2025-05-26,-182.019,-179.068,-181.263
2025-05-27,-182.25,-180.666,-181.489
2025-05-28,-182.049,-180.818,-181.562
2025-05-29,-181.925,-181.017,-181.447
2025-05-30,-182.171,-180.778,-181.416
2025-05-31,-181.957,-181.025,-181.476
